precision,recall,threshold
0.23222748815165878,1.0,0.005150060454661815
0.23228542914171657,1.0,0.00538057135509352
0.2323433990516596,1.0,0.0061150160804745455
0.2324013979031453,1.0,0.006154682462518415
0.2324594257178527,1.0,0.0069301450312071805
0.23280820205051264,1.0,0.006931139747022142
0.2329246935201401,1.0,0.007094699532043831
0.23298298298298298,1.0,0.007475924905113921
0.2331580265464563,1.0,0.00751061151160004
0.23321643286573146,1.0,0.008588528573403791
0.23333333333333334,1.0,0.00891389550665572
0.23356748620170598,1.0,0.009497955466214852
0.23337515683814303,0.9989258861439313,0.009953663798882666
0.23366834170854273,0.9989258861439313,0.010099767928825484
0.23402113739305486,0.9989258861439313,0.010220516895530116
0.23419793502895997,0.9989258861439313,0.010675540376730741
0.2344931921331316,0.9989258861439313,0.010677066906504743
0.2347299343765775,0.9989258861439313,0.011675558695019034
0.23508594539939331,0.9989258861439313,0.01229988195848686
0.23568170299037,0.9989258861439313,0.01343535306814887
0.23574144486692014,0.9989258861439313,0.01348178778534652
0.2359208523592085,0.9989258861439313,0.014198554667988693
0.23598071555442782,0.9989258861439313,0.014200577733902079
0.23628048780487804,0.9989258861439313,0.014872510879462878
0.2364006100660905,0.9989258861439313,0.015153068268764372
0.23646071700991608,0.9989258861439313,0.015523408860049222
0.23748723186925433,0.9989258861439313,0.0155313939796182
0.23876765083440307,0.9989258861439313,0.016256902593310266
0.2388903159517082,0.9989258861439313,0.01635008308438974
0.24269311064718163,0.9989258861439313,0.01648834239313176
0.2427564604541895,0.9989258861439313,0.01666592758150776
0.24288325933664143,0.9989258861439313,0.01712195850204062
0.24358302776322682,0.9989258861439313,0.017568256926423696
0.24364684307047418,0.9989258861439313,0.01782047671226616
0.24371069182389937,0.9989258861439313,0.01862014821783715
0.2437745740498034,0.9989258861439313,0.018660451464869637
0.24390243902439024,0.9989258861439313,0.018767145676712227
0.244158571803623,0.9989258861439313,0.01965084925904605
0.24422268907563024,0.9989258861439313,0.019948547368922005
0.2440241660099816,0.9978517722878625,0.020623473930130802
0.2445380363253488,0.9978517722878625,0.021009359231772787
0.2446024223275408,0.9978517722878625,0.02106985351525414
0.24473129610115912,0.9978517722878625,0.02159266440131821
0.24511873350923483,0.9978517722878625,0.021887189531959103
0.24518342570599103,0.9978517722878625,0.0221216143032145
0.24544253632760898,0.9978517722878625,0.022914378235537686
0.24557229711868886,0.9978517722878625,0.023159544308324485
0.24576719576719577,0.9978517722878625,0.023704826747599127
0.2458973001588142,0.9978517722878625,0.023924256484605798
0.24596240402435796,0.9978517722878625,0.02494287994320789
0.24602754237288135,0.9978517722878625,0.02504794981647009
0.24609271523178808,0.9978517722878625,0.02743763698592911
0.24615792262851086,0.9978517722878625,0.027740384835049463
0.24622316459051152,0.9978517722878625,0.027851036619963836
0.24635375232033943,0.9978517722878625,0.02820051377136153
0.24668082846521508,0.9978517722878625,0.028895036719242484
0.2470087742621643,0.9978517722878625,0.029465007793762626
0.24707446808510639,0.9978517722878625,0.030198714390018904
0.24714019686086725,0.9978517722878625,0.030649735451022158
0.24760127931769724,0.9978517722878625,0.031010732924018344
0.24779941317684717,0.9978517722878625,0.03130053192929052
0.24799786438868127,0.9978517722878625,0.03139117915195247
0.24819663371627038,0.9978517722878625,0.03212515937290853
0.24805994112924806,0.9957035445757251,0.032849420268347265
0.24832574336994376,0.9957035445757251,0.03314004211329459
0.24839228295819935,0.9957035445757251,0.033539110729586784
0.2485254691689008,0.9957035445757251,0.03428179136928429
0.24859211584875301,0.9957035445757251,0.03594223158907813
0.2506760411032991,0.9957035445757251,0.036051858102978535
0.25047335677576416,0.9946294307196563,0.03711260773238578
0.25054112554112556,0.9946294307196563,0.0371883151639804
0.2506089309878214,0.9946294307196563,0.037189464339466204
0.25094850948509484,0.9946294307196563,0.03781451065724394
0.25197278911564625,0.9946294307196563,0.037951570309704113
0.25210999183228966,0.9946294307196563,0.0380438179058511
0.25224734404794336,0.9946294307196563,0.03805396558926092
0.252453653217012,0.9946294307196563,0.03829815137538971
0.2527982527982528,0.9946294307196563,0.03839806402246684
0.25376815565908467,0.9946294307196563,0.039155496416342486
0.253976961053209,0.9946294307196563,0.039303600579318795
0.2540466392318244,0.9946294307196563,0.039607084246207805
0.25418611034861377,0.9946294307196563,0.039904661107965915
0.2542559033498078,0.9946294307196563,0.04002102680115368
0.25432573468827246,0.9946294307196563,0.04012898323981988
0.254465512503435,0.9946294307196563,0.040201837625917475
0.25453545904343045,0.9946294307196563,0.04069863575612982
0.2546754675467547,0.9946294307196563,0.04069980535072819
0.2549559471365639,0.9946294307196563,0.04134550823148337
0.2550964187327824,0.9946294307196563,0.04179489661077868
0.2553074165977392,0.9946294307196563,0.042091755142819785
0.25551876379690946,0.9946294307196563,0.042466520502099
0.25565985643291,0.9946294307196563,0.042547384074964945
0.2557304611985639,0.9946294307196563,0.042833552843002054
0.25693673695893454,0.9946294307196563,0.042948531933643425
0.2573018080667594,0.9935553168635876,0.04324552070622698
0.2581635500976835,0.9935553168635876,0.04354398254023096
0.2582356225572306,0.9935553168635876,0.04390906068920397
0.25837988826815644,0.9935553168635876,0.04393050007979531
0.2593215587328287,0.9935553168635876,0.044185235697322016
0.2601237345331833,0.9935553168635876,0.04426966122922858
0.26101694915254237,0.9924812030075187,0.04435148649328014
0.26156028368794326,0.9903329752953813,0.04469213427976603
0.26185742686736724,0.9903329752953813,0.0452388337327498
0.26208072768618534,0.9903329752953813,0.04536401112252542
0.26215524594825135,0.9903329752953813,0.0462975620212958
0.2623931623931624,0.9892588614393125,0.046532637266376645
0.26246793958392706,0.9892588614393125,0.046612668913217845
0.262617621899059,0.9892588614393125,0.04730893269092992
0.26269252709640617,0.9892588614393125,0.047403928272750494
0.2672135950776443,0.9795918367346939,0.04812806340692388
0.2675271340569082,0.9795918367346939,0.04892858608341839
0.2684721813364734,0.9795918367346939,0.049567956969232746
0.2702222222222222,0.9795918367346939,0.04984188052169643
0.2703023117960877,0.9795918367346939,0.04984239437155413
0.2780830280830281,0.9785177228786252,0.050140837869799997
0.2782023845918679,0.9774436090225563,0.05014236645313477
0.2791411042944785,0.9774436090225563,0.05047180009273047
0.27922675667382635,0.9774436090225563,0.050601800443138986
0.2796558082360172,0.9774436090225563,0.05115847875611107
0.27991387265456785,0.9774436090225563,0.052111651432987745
0.280517879161529,0.9774436090225563,0.05242293298736819
0.28077753779697623,0.9774436090225563,0.05242452730240614
0.2808641975308642,0.9774436090225563,0.052712300549341624
0.28194789081885857,0.9763694951664876,0.05271390317521651
0.28344246959775493,0.9763694951664876,0.05276812170422704
0.2835308796007486,0.9763694951664876,0.05286354746526301
0.28361934477379097,0.9763694951664876,0.05290370715745398
0.28401626524867063,0.9752953813104189,0.05345377263683609
0.28410513141426785,0.9752953813104189,0.05453029853912173
0.2845502977123159,0.9752953813104189,0.05510464273916574
0.2847287550956413,0.9752953813104189,0.055106313868852536
0.2849968612680477,0.9752953813104189,0.05588814902751688
0.2853551225644249,0.9752953813104189,0.056360372643793906
0.2857142857142857,0.9752953813104189,0.05643829990424619
0.28580421781554927,0.9752953813104189,0.05644808463036436
0.2858942065491184,0.9752953813104189,0.05650809868642308
0.28634500157678966,0.9752953813104189,0.0577868988278202
0.2887615409105381,0.9742212674543501,0.057928555648686236
0.28894552405224594,0.9742212674543501,0.058081595825953465
0.2887189292543021,0.9731471535982814,0.058415738457311295
0.28908742820676453,0.9731471535982814,0.059016910399502416
0.28969270166453265,0.9720730397422127,0.05964435518002396
0.2900641025641026,0.9720730397422127,0.05994792200090721
0.28998073217726394,0.9699248120300752,0.060394867572027396
0.29092670326122055,0.9677765843179377,0.060725419149810916
0.2916396629941672,0.966702470461869,0.061408792519798215
0.29508196721311475,0.966702470461869,0.061562831502843494
0.29546946815495734,0.966702470461869,0.06157042614769639
0.29539473684210527,0.9645542427497314,0.06195935438830767
0.29549193813754526,0.9645542427497314,0.062398764618739985
0.29568653276259466,0.9645542427497314,0.06267104642731325
0.2962718574727813,0.9645542427497314,0.06345707398678559
0.29646748101683723,0.9645542427497314,0.06354129571324262
0.29528865295288653,0.9559613319011815,0.06401495891859393
0.2953866578161301,0.9559613319011815,0.0642958200162085
0.2954847277556441,0.9559613319011815,0.06471837871238548
0.2953109411373462,0.9538131041890441,0.06488812124593303
0.2955074875207987,0.9538131041890441,0.06671253885501964
0.2962962962962963,0.9538131041890441,0.06745963355567451
0.2964941569282137,0.9538131041890441,0.0677671011212393
0.29698996655518395,0.9538131041890441,0.06836331104115165
0.2971887550200803,0.9538131041890441,0.06865279047025041
0.29868819374369326,0.9538131041890441,0.0717138212179632
0.29878869448183043,0.9538131041890441,0.07210156954798774
0.29851752021563344,0.9516648764769066,0.0724222547758999
0.29861813279406807,0.9516648764769066,0.07351593336230017
0.2988195615514334,0.9516648764769066,0.07383238608174762
0.2993243243243243,0.9516648764769066,0.07383458077830131
0.30084889643463497,0.9516648764769066,0.07394735628320884
0.30061141304347827,0.9505907626208379,0.07561550127475486
0.3007135575942915,0.9505907626208379,0.07710524057290313
0.3008157715839565,0.9505907626208379,0.07710752445677632
0.30132788559754853,0.9505907626208379,0.07718876557873262
0.3026360835330366,0.949516648764769,0.07896065923172407
0.30273972602739724,0.949516648764769,0.07934932013152396
0.3029472241261138,0.949516648764769,0.07936726074911539
0.3030510798765855,0.949516648764769,0.08030711388584104
0.3032590051457976,0.949516648764769,0.08030948435736388
0.30367571281346617,0.949516648764769,0.08051240962347007
0.30493273542600896,0.949516648764769,0.0805146273532031
0.30503795721187027,0.949516648764769,0.08158328116839778
0.30500863557858376,0.9484425349087003,0.08260571750246426
0.30606585788561524,0.9484425349087003,0.08304597064716077
0.30617198335644935,0.9484425349087003,0.08405450352107079
0.3068617206548241,0.9462943071965628,0.08405680989911454
0.30696864111498257,0.9462943071965628,0.0845517487771622
0.30718270571827055,0.9462943071965628,0.08476879532893355
0.3085814360770578,0.9462943071965628,0.08491597856102517
0.30842105263157893,0.9441460794844253,0.08516812359041075
0.30852930852930854,0.9441460794844253,0.08710012013994219
0.3088287020752726,0.9430719656283566,0.08741307475833154
0.30893736805066857,0.9430719656283566,0.08751758660393658
0.3111268603827073,0.9430719656283566,0.0875885491244949
0.3112371499468274,0.9430719656283566,0.08825449407631235
0.3125667497330011,0.9430719656283566,0.08844641841504093
0.31252229753835176,0.9409237379162191,0.08848012698833299
0.31319270647121916,0.9409237379162191,0.08948986791737953
0.3133047210300429,0.9409237379162191,0.09002752362877575
0.3146551724137931,0.9409237379162191,0.09090338358151133
0.31488138030194107,0.9409237379162191,0.09122863788399187
0.31533477321814257,0.9409237379162191,0.09187326184243694
0.31712626995645865,0.9387755102040817,0.09189471027654154
0.31735657225853303,0.9387755102040817,0.09210721191225814
0.3188617292958774,0.9387755102040817,0.09411649656680104
0.3201029033443587,0.9355531686358755,0.09495665579380386
0.32092851879145173,0.9355531686358755,0.09524124383592696
0.32241250930752047,0.9301825993555317,0.09870887414826894
0.3317972350230415,0.9280343716433942,0.09926934773343553
0.33166794773251346,0.9269602577873255,0.09927221750774266
0.3317954632833526,0.9269602577873255,0.1003523617931524
0.33192307692307693,0.9269602577873255,0.10043338875420926
0.3326900810497877,0.9258861439312567,0.10345344535921602
0.3332044839582528,0.9258861439312567,0.1040842676912945
0.33410852713178296,0.9258861439312567,0.10408726057484503
0.33475728155339807,0.9258861439312567,0.10438457390998267
0.3348873348873349,0.9258861439312567,0.1043875744225446
0.3352781019058732,0.9258861439312567,0.10729194064186556
0.33515198752922837,0.9237379162191193,0.10844687489950125
0.3359436178543461,0.9215896885069818,0.1087446191096211
0.33555992141453833,0.9172932330827067,0.10905595089196636
0.33582383012190326,0.9172932330827067,0.10990375736884053
0.3366180528182893,0.9172932330827067,0.11186884481046531
0.33781645569620256,0.9172932330827067,0.11232420391791358
0.3379501385041551,0.9172932330827067,0.11349010179243069
0.3403746512554803,0.9172932330827067,0.11428532784542729
0.3402473075388911,0.916219119226638,0.1142885766361828
0.3403830806065443,0.916219119226638,0.11457777742389647
0.3405189620758483,0.916219119226638,0.1157274259011121
0.34065495207667734,0.916219119226638,0.11776605337268255
0.34012789768185453,0.9140708915145005,0.11829637248080886
0.34094551282051283,0.9140708915145005,0.11879966189396504
0.3405535499398315,0.9119226638023631,0.11892633316018224
0.3409638554216867,0.9119226638023631,0.11896987317627705
0.34233870967741936,0.9119226638023631,0.11926376150682039
0.3433808553971487,0.9054779806659506,0.12072091951692024
0.34394124847001223,0.9054779806659506,0.12178598951436723
0.3447000821692687,0.9011815252416756,0.1224935166994775
0.34599504541701076,0.9001074113856069,0.12272833986694795
0.34613795952085913,0.9001074113856069,0.12283965508373475
0.34628099173553717,0.9001074113856069,0.12319643412783848
0.3474295190713101,0.9001074113856069,0.12397575666416502
0.3482959268495428,0.9001074113856069,0.12428026653914724
0.3488759367194005,0.9001074113856069,0.12689330003506194
0.34931221342225927,0.9001074113856069,0.1275384068674466
0.3548801369863014,0.8904403866809882,0.1279847133815035
0.3550321199143469,0.8904403866809882,0.12823928464571044
0.3549078439777111,0.8893662728249194,0.12824287267194454
0.35506003430531735,0.8893662728249194,0.12901572905923822
0.3541039965620971,0.8850698174006445,0.12922783301502905
0.354256233877902,0.8850698174006445,0.13024453492752439
0.35440860215053765,0.8850698174006445,0.13283991528533207
0.3541308089500861,0.8839957035445757,0.13285046229659103
0.3565179352580927,0.8754027926960258,0.13346350802454146
0.35714285714285715,0.8754027926960258,0.13365829447519847
0.35824175824175825,0.8754027926960258,0.13375870126463266
0.35839929639401935,0.8754027926960258,0.13422850776116535
0.35887274328489654,0.8754027926960258,0.13424991981170817
0.3627450980392157,0.874328678839957,0.1342536501113657
0.36609558160504957,0.8721804511278195,0.13437983859338773
0.3672546359113523,0.8721804511278195,0.1353152634742786
0.36742081447963804,0.8721804511278195,0.13898303497160108
0.3675871435038479,0.8721804511278195,0.1395853750388356
0.36792025373810605,0.8721804511278195,0.13967977146331254
0.37133699633699635,0.8711063372717508,0.13979672280427638
0.371900826446281,0.8700322234156821,0.13980058234076342
0.3737280296022202,0.8678839957035446,0.13992086054231603
0.3739009717723276,0.8678839957035446,0.1399864926493983
0.3782771535580524,0.8678839957035446,0.14160368107829638
0.37845433255269323,0.8678839957035446,0.14541323810764384
0.37940761636107195,0.8668098818474759,0.1455372796691379
0.37958607714016934,0.8668098818474759,0.14596460077694418
0.38197424892703863,0.8603651987110634,0.14638707627521802
0.3816793893129771,0.8592910848549946,0.1469226107876
0.3833973128598848,0.8582169709989259,0.1469266334541719
0.3855072463768116,0.8571428571428571,0.14706271018913897
0.3858800773694391,0.8571428571428571,0.1478086283745332
0.3855829704886309,0.8560687432867884,0.15020453428753325
0.3857696030977735,0.8560687432867884,0.15056965829289048
0.3861434108527132,0.8560687432867884,0.15163722868007593
0.38584585555016965,0.8549946294307197,0.15191049047601354
0.3869713174526009,0.8549946294307197,0.15199789222545687
0.38761579717211114,0.8539205155746509,0.15266054326056883
0.40020523345305287,0.8378088077336198,0.15290053846037183
0.40010272213662046,0.8367346938775511,0.15290469546306173
0.4019607843137255,0.8367346938775511,0.1529179584470321
0.40216830149716054,0.8367346938775511,0.1548746956164476
0.4019709543568465,0.832438238453276,0.15579568888300005
0.40186915887850466,0.8313641245972073,0.15638098856758909
0.40365535248041773,0.8302900107411385,0.15705920906297727
0.405249343832021,0.8292158968850698,0.1574379087056026
0.4048370136698212,0.8270676691729323,0.1586862473926289
0.4050499736980537,0.8270676691729323,0.15882846683595073
0.4077412513255567,0.8259935553168636,0.15915927291971793
0.4079575596816976,0.8259935553168636,0.15953933437030612
0.4096963239211508,0.8259935553168636,0.16033037297209915
0.4099147121535181,0.8259935553168636,0.16060962465064452
0.41013333333333335,0.8259935553168636,0.16111506752550359
0.4103521878335112,0.8259935553168636,0.16285662079197083
0.4115426105717368,0.8195488721804511,0.1633705864371171
0.4126554894537588,0.8195488721804511,0.16364357698832713
0.4128787878787879,0.8195488721804511,0.16612243472993837
0.413102328099621,0.8195488721804511,0.16672810017102543
0.4133261105092091,0.8195488721804511,0.16673642405600156
0.41516639388979815,0.8174006444683136,0.16741748000973677
0.4156198798470781,0.8174006444683136,0.1704120931940884
0.41530054644808745,0.8163265306122449,0.1708842020430641
0.4155276107162384,0.8163265306122449,0.1709811568140798
0.41598248494800216,0.8163265306122449,0.17145859594945098
0.41634668129456937,0.8152524167561761,0.17270052728391694
0.41657519209659716,0.8152524167561761,0.1733567023394165
0.41703296703296705,0.8152524167561761,0.17489600981217351
0.4191382204812535,0.8045112781954887,0.17799579401169324
0.4213197969543147,0.8023630504833512,0.1779981813927734
0.42155756207674944,0.8023630504833512,0.17822626531045557
0.42179559570863917,0.8023630504833512,0.17848439247689243
0.42576545349508954,0.7916219119226638,0.17873308521100523
0.4264194669756663,0.790547798066595,0.18045300730759026
0.425754060324826,0.7883995703544576,0.18496389126439403
0.42591516560139453,0.7873254564983888,0.18546730147060866
0.43203309692671393,0.7851772287862513,0.18553542169338405
0.43228858663512715,0.7851772287862513,0.18584385096016104
0.43220840734162225,0.7841031149301826,0.1866037938391439
0.4399756246191347,0.7755102040816326,0.18749535704026715
0.4402439024390244,0.7755102040816326,0.18755948166194325
0.44078144078144077,0.7755102040816326,0.1875643723166362
0.44105070250458156,0.7755102040816326,0.19286635219985734
0.4415902140672783,0.7755102040816326,0.19381510630077975
0.4418604651162791,0.7755102040816326,0.19387319743793408
0.44465058750773034,0.7722878625134264,0.1957262392510032
0.44756554307116103,0.7701396348012889,0.19573129155227328
0.4485570890840652,0.7679914070891515,0.19720257249964296
0.449685534591195,0.7679914070891515,0.20013278212664568
0.44899244332493704,0.765843179377014,0.20045950514745903
0.4492753623188406,0.765843179377014,0.20056069533860968
0.4497789008212255,0.7647690655209453,0.20131063423887907
0.45,0.7636949516648764,0.20169332830301206
0.4505703422053232,0.7636949516648764,0.20568291167575983
0.45454545454545453,0.757250268528464,0.20613652840404742
0.45584415584415583,0.7540279269602578,0.2064624858637153
0.4557867360208062,0.7529538131041891,0.20881063670216618
0.4560832791151594,0.7529538131041891,0.209147822264725
0.4575718015665796,0.7529538131041891,0.20927374040821317
0.45787067276290006,0.7529538131041891,0.20961147566611238
0.45816993464052286,0.7529538131041891,0.21523426973445872
0.45846958796599085,0.7529538131041891,0.21586344972388186
0.4590700720366732,0.7529538131041891,0.21675153976398823
0.4598684210526316,0.7508055853920516,0.21675662557117023
0.46077785102175345,0.7508055853920516,0.21692693091524462
0.46108179419525064,0.7508055853920516,0.21715431071004854
0.46133509583608723,0.7497314715359829,0.21791551536289486
0.4619457313037723,0.7497314715359829,0.21994016631819321
0.46317186463171867,0.7497314715359829,0.2204210766586796
0.4640957446808511,0.7497314715359829,0.22053257582794372
0.46581769436997317,0.7465091299677766,0.22143445066355166
0.4673839946200404,0.7465091299677766,0.2215432950206459
0.4676113360323887,0.7443609022556391,0.22202671297126536
0.4685598377281947,0.7443609022556391,0.22594643743322732
0.46983050847457625,0.7443609022556391,0.22625083304355806
0.4739368998628258,0.7422126745435016,0.22643666852320504
0.4752407152682256,0.7422126745435016,0.2278865219098645
0.4768486523842433,0.7411385606874329,0.23076947371757953
0.4830508474576271,0.7346938775510204,0.2312489996034835
0.4837340876944837,0.7346938775510204,0.23126704274358062
0.48332150461320084,0.7314715359828142,0.23167790438592023
0.4843081312410842,0.7293233082706767,0.23237810153874078
0.4846538187009279,0.7293233082706767,0.23352857270832297
0.4853466761972838,0.7293233082706767,0.23380958373864194
0.48569384835479257,0.7293233082706767,0.23442736024263924
0.4905109489051095,0.7218045112781954,0.23488533317574264
0.49086924762600437,0.7218045112781954,0.23555704531050894
0.49122807017543857,0.7218045112781954,0.2355628246327915
0.49158741770299924,0.7218045112781954,0.2371825473647466
0.49194729136163984,0.7218045112781954,0.23729633964722127
0.49887640449438203,0.715359828141783,0.24518301528940936
0.5,0.7099892588614393,0.2451889550322734
0.5080956052428681,0.7078410311493019,0.24685349287163597
0.509273570324575,0.7078410311493019,0.25166228736463486
0.510061919504644,0.7078410311493019,0.2568521028009173
0.5252201761409128,0.7046186895810956,0.2605937916596253
0.5256410256410257,0.7046186895810956,0.2636300679235739
0.5260625501202887,0.7046186895810956,0.26919272040751296
0.5269076305220883,0.7046186895810956,0.2697392595946486
0.5290322580645161,0.7046186895810956,0.2702065253095037
0.5294592413236481,0.7046186895810956,0.273435260168002
0.5303152789005658,0.7046186895810956,0.2739920552205154
0.529650690495532,0.7003222341568206,0.2751647870453518
0.5300813008130081,0.7003222341568206,0.2752757679973495
0.5305126118795769,0.7003222341568206,0.27560466727323946
0.5309446254071661,0.7003222341568206,0.2790795232531625
0.5313773431132844,0.7003222341568206,0.2790855504124934
0.5306122448979592,0.6981740064446831,0.2803773259520501
0.5327868852459017,0.6981740064446831,0.28072845637600474
0.5353871773522065,0.6906552094522019,0.2809427910591344
0.5358333333333334,0.6906552094522019,0.28517785845729376
0.53628023352794,0.6906552094522019,0.28591120798751424
0.5359531772575251,0.6885069817400644,0.2859177606594935
0.5370994940978078,0.6842105263157895,0.2859330458915526
0.5431255337318531,0.6831364124597207,0.2862543527429997
0.5445969125214408,0.682062298603652,0.286484508105896
0.5469422911283376,0.682062298603652,0.2865052547892714
0.5474137931034483,0.682062298603652,0.2869776160613934
0.5488331892826275,0.682062298603652,0.2877823440897075
0.5497835497835498,0.682062298603652,0.2880508029658218
0.5533216783216783,0.6799140708915145,0.2894264402934076
0.5552631578947368,0.6799140708915145,0.28993970014380993
0.5562390158172232,0.6799140708915145,0.2934249660455727
0.5628902765388046,0.677765843179377,0.2943816652569021
0.566427289048474,0.677765843179377,0.29616944669297146
0.5656474820143885,0.6756176154672395,0.29667229348443297
0.5661566156615662,0.6756176154672395,0.29749286435818983
0.5666666666666667,0.6756176154672395,0.29911524202029255
0.5697247706422018,0.6670247046186896,0.2991691337365665
0.5702479338842975,0.6670247046186896,0.2997027590187391
0.5734072022160664,0.6670247046186896,0.30434066930476317
0.5752788104089219,0.664876476906552,0.30545097159577916
0.5787992495309568,0.6627282491944146,0.30558490439008706
0.5815268614514609,0.6627282491944146,0.30617957770800586
0.5791469194312796,0.6562835660580022,0.3068041558865517
0.5813510941960038,0.6562835660580022,0.3120478308690064
0.5812619502868069,0.6530612244897959,0.3133657688297385
0.5823754789272031,0.6530612244897959,0.3143632984673059
0.5832531280076997,0.6509129967776585,0.3168862886056043
0.584070796460177,0.6380236305048335,0.3174928993512676
0.5833333333333334,0.631578947368421,0.32482030913700444
0.5822532402791625,0.6272824919441461,0.3347147606117522
0.5834165834165834,0.6272824919441461,0.33641810311573767
0.5835835835835835,0.6262083780880774,0.3364252679840779
0.5841683366733467,0.6262083780880774,0.34005344681814414
0.5847542627883651,0.6262083780880774,0.3404094518885861
0.5859296482412061,0.6262083780880774,0.3424792640594066
0.5865191146881288,0.6262083780880774,0.34697750081384654
0.5871097683786506,0.6262083780880774,0.34828786229962977
0.5954356846473029,0.6165413533834586,0.3482951472787409
0.5961945031712473,0.6058002148227712,0.3486693166654993
0.602357984994641,0.6036519871106337,0.350665022890943
0.6036519871106337,0.6036519871106337,0.3576806640116836
0.6062567421790723,0.6036519871106337,0.359010870000829
0.6093579978237215,0.6015037593984962,0.35901825571123663
0.6084070796460177,0.5907626208378088,0.36142063042106
0.6116071428571429,0.5886143931256713,0.3629085880065512
0.6129753914988815,0.5886143931256713,0.36355641141780376
0.6180790960451977,0.5875402792696026,0.3698824603661731
0.6338862559241706,0.5746509129967776,0.3700295933871379
0.6389891696750902,0.5703544575725027,0.3706827323376026
0.64,0.5671321160042965,0.3713684623498283
0.6407766990291263,0.5671321160042965,0.3738235342245473
0.6462668298653611,0.5671321160042965,0.3744793890837174
0.6478527607361964,0.5671321160042965,0.38088175794396734
0.6516290726817042,0.5585392051557465,0.3810306205451859
0.654911838790932,0.5585392051557465,0.38201817459459264
0.6557377049180327,0.5585392051557465,0.38238513320909184
0.6565656565656566,0.5585392051557465,0.3824018574431816
0.6662303664921466,0.5467239527389903,0.383063555556665
0.6750663129973474,0.5467239527389903,0.3896545675375938
0.6759628154050464,0.5467239527389903,0.39103723309016447
0.6748299319727891,0.5327604726100966,0.3935409317457502
0.6787204450625869,0.5241675617615468,0.3942096016430928
0.6826516220028209,0.5198711063372717,0.40226401095517694
0.6845827439886846,0.5198711063372717,0.40710581544420027
0.6979472140762464,0.5112781954887218,0.43004403269756325
0.6970588235294117,0.5091299677765844,0.44316757683808566
0.6973293768545994,0.5048335123523093,0.4438588544362512
0.7004470938897168,0.5048335123523093,0.45217050717281193
0.70254110612855,0.5048335123523093,0.4528801358802029
0.7019667170953101,0.4983888292158969,0.4645280356022919
0.7040971168437026,0.4983888292158969,0.47571092469688286
0.7062404870624048,0.4983888292158969,0.47821619382965935
0.7126984126984127,0.4822771213748657,0.4899322054882325
0.7224025974025974,0.47798066595059074,0.5134953907731982
0.7259380097879282,0.47798066595059074,0.5151044078291537
0.7295081967213115,0.47798066595059074,0.5158039533538891
0.7289256198347107,0.47368421052631576,0.526811711062987
0.7301324503311258,0.47368421052631576,0.527509859304735
0.7313432835820896,0.47368421052631576,0.5358785840271103
0.7325581395348837,0.47368421052631576,0.5473345114390488
0.7316666666666667,0.4715359828141783,0.5592668863156071
0.7327586206896551,0.4564983888292159,0.5674048309379728
0.7318339100346021,0.45435016111707843,0.5802974565367105
0.7384341637010676,0.44575725026852847,0.5868022415638605
0.7397504456327986,0.44575725026852847,0.6281137714673701
0.7468354430379747,0.44360902255639095,0.6281212683148053
0.751412429378531,0.42857142857142855,0.6287690560184506
0.751434034416826,0.4221267454350161,0.6376691832416027
0.7533718689788054,0.41997851772287864,0.6396518661217869
0.75,0.4027926960257787,0.6485671704818468
0.7546777546777547,0.38990332975295383,0.64976033033661
0.7660044150110376,0.3727175080558539,0.64990396744309
0.764172335600907,0.3619763694951665,0.6505409755003959
0.7630979498861048,0.359828141783029,0.6581427767414411
0.7648401826484018,0.359828141783029,0.6591841827010532
0.7612293144208038,0.3458646616541353,0.6618033712621095
0.7772020725388601,0.322234156820623,0.6624299740594984
0.7853403141361257,0.322234156820623,0.6699043825095321
0.7903225806451613,0.3157894736842105,0.6927240941466131
0.7915492957746478,0.30182599355531686,0.692730925679474
0.7680608365019012,0.21697099892588614,0.7014085668650949
0.7709923664122137,0.21697099892588614,0.7026187675489031
0.7704280155642024,0.21267454350161116,0.7026254735331009
0.7721518987341772,0.19656283566058003,0.7123322473156691
0.7677725118483413,0.17400644468313642,0.7124615789467081
0.7655502392344498,0.17185821697099893,0.713035021377499
0.7692307692307693,0.17185821697099893,0.7218490436715239
0.7872340425531915,0.158968850698174,0.7225376241505929
0.7849462365591398,0.15682062298603652,0.7231405057798411
0.7655172413793103,0.11922663802363051,0.7234553531773457
0.7708333333333334,0.11922663802363051,0.7237009102875169
0.7857142857142857,0.08270676691729323,0.7303708671743339
0.8554216867469879,0.07626208378088077,0.7324340453960699
0.8431372549019608,0.04618689581095596,0.7329825844944781
0.9024390243902439,0.0397422126745435,0.739509128309936
0.9166666666666666,0.03544575725026853,0.7773723729340019
0.8,0.004296455424274973,0.7853857445177673
1.0,0.0,
