mean_fit_time,std_fit_time,mean_score_time,std_score_time,param_model__solver,param_model__penalty,param_model__max_iter,param_model__l1_ratio,param_model__class_weight,param_model__C,params,split0_test_score,split1_test_score,split2_test_score,split3_test_score,split4_test_score,mean_test_score,std_test_score,rank_test_score,split0_train_score,split1_train_score,split2_train_score,split3_train_score,split4_train_score,mean_train_score,std_train_score
1.9703261375427246,0.21735517458028766,0.09899282455444336,0.05080098130774415,saga,l1,500,1.0,,0.3,"{""model__C"": 0.3, ""model__class_weight"": null, ""model__l1_ratio"": 1.0, ""model__max_iter"": 500, ""model__penalty"": ""l1"", ""model__solver"": ""saga""}",0.5938435179051957,0.59033627716507,0.586344111249303,0.6214560493970618,0.6015116148319788,0.5986983141097217,0.0124253628738164,1,0.6047849536778254,0.6067380615449786,0.6067302467524724,0.6014709597574318,0.6096412525807097,0.6058730948626836,0.002692386823420559
1.8508871078491211,0.07325630769484043,0.1481257915496826,0.044114772613639705,saga,elasticnet,2000,0.25,,0.003,"{""model__C"": 0.003, ""model__class_weight"": null, ""model__l1_ratio"": 0.25, ""model__max_iter"": 2000, ""model__penalty"": ""elasticnet"", ""model__solver"": ""saga""}",0.5354650673864294,0.5446951509537322,0.5444664774226171,0.5848802870246408,0.5588488148684003,0.5536711595311641,0.01730649847646484,37,0.5644946879973591,0.5497223493150725,0.5638442713370952,0.5529578317483324,0.5532723504332865,0.5568582981662292,0.00610102772037479
1.7819132804870605,0.07524859740282512,0.10267705917358398,0.02828936443192925,lbfgs,l2,1000,0.0,,1.0,"{""model__C"": 1.0, ""model__class_weight"": null, ""model__l1_ratio"": 0.0, ""model__max_iter"": 1000, ""model__penalty"": ""l2"", ""model__solver"": ""lbfgs""}",0.5871229897817085,0.5870857474360326,0.5820050730178377,0.6161079757071358,0.5932774941137462,0.5931198560112921,0.01203652581758464,10,0.5985256609692765,0.600708004754617,0.6027655121334052,0.5965432836287374,0.6035556133214803,0.6004196149615033,0.002608980423603924
1.7699806213378906,0.0268146516782649,0.08906946182250977,0.012778053966179686,lbfgs,l2,1000,0.0,balanced,3.0,"{""model__C"": 3.0, ""model__class_weight"": ""balanced"", ""model__l1_ratio"": 0.0, ""model__max_iter"": 1000, ""model__penalty"": ""l2"", ""model__solver"": ""lbfgs""}",0.589040529557649,0.5824526218471687,0.5833353946913125,0.6132176412218474,0.5960232487060745,0.5928138872048104,0.011296451188818935,13,0.598432784711059,0.5998981172057302,0.5992989831334214,0.5937970333350767,0.5994396526921476,0.598173314215487,0.0022389662028598615
0.21575870513916015,0.038453270303128895,0.03863768577575684,0.013416520117897164,saga,elasticnet,500,0.1,,0.03,"{""model__C"": 0.03, ""model__class_weight"": null, ""model__l1_ratio"": 0.1, ""model__max_iter"": 500, ""model__penalty"": ""elasticnet"", ""model__solver"": ""saga""}",0.5780672153846081,0.5854190498623495,0.5847499613566761,0.6297982665760256,0.5959861233002461,0.5948041232959811,0.0184134573071141,9,0.6003902389260548,0.6016180209242912,0.6029065191971834,0.5977940318960884,0.6048360649792138,0.6015089751845663,0.0023701021579213537
0.32868051528930664,0.10895296015032267,0.07387714385986328,0.010689781353540638,saga,elasticnet,1000,0.1,,0.001,"{""model__C"": 0.001, ""model__class_weight"": null, ""model__l1_ratio"": 0.1, ""model__max_iter"": 1000, ""model__penalty"": ""elasticnet"", ""model__solver"": ""saga""}",0.5401595455801013,0.5586659039537749,0.5498917552188106,0.587116349594885,0.5631895799650966,0.5598046268625337,0.01576628706320308,36,0.5706970539397057,0.5600333530265176,0.5647483168488,0.5527114397702774,0.5650147207390132,0.5626409768648627,0.006006185621820735
0.7976087093353271,0.050728614293833366,0.0848665714263916,0.015078259164936991,saga,elasticnet,2000,0.25,balanced,1.0,"{""model__C"": 1.0, ""model__class_weight"": ""balanced"", ""model__l1_ratio"": 0.25, ""model__max_iter"": 2000, ""model__penalty"": ""elasticnet"", ""model__solver"": ""saga""}",0.583662987487251,0.5827835134292755,0.5818881766772137,0.6141747924667148,0.5962587042482347,0.5917536348617379,0.01237944164464919,19,0.5986200919919278,0.5989176440504842,0.5983572514909287,0.5941642948544774,0.5996517202262368,0.5979422005228109,0.0019379537187943548
1.7635146141052247,0.12660290501402258,0.07078685760498046,0.029832944316485182,saga,elasticnet,2000,0.1,balanced,30.0,"{""model__C"": 30.0, ""model__class_weight"": ""balanced"", ""model__l1_ratio"": 0.1, ""model__max_iter"": 2000, ""model__penalty"": ""elasticnet"", ""model__solver"": ""saga""}",0.5830195789346614,0.5837738008074823,0.581662538012395,0.614052657343339,0.5956058146248362,0.5916228779445427,0.012278370623163162,23,0.5988652859652351,0.5993467000183131,0.5987520105193119,0.5943490477432152,0.5998431162251439,0.5982312320942439,0.0019792437422299497
2.2950172424316406,0.23410850715198045,0.10561642646789551,0.027915652491946906,saga,l1,1000,1.0,,30.0,"{""model__C"": 30.0, ""model__class_weight"": null, ""model__l1_ratio"": 1.0, ""model__max_iter"": 1000, ""model__penalty"": ""l1"", ""model__solver"": ""saga""}",0.5905878562203084,0.5924598413092315,0.5847201342687617,0.6200580301758906,0.5973724558808152,0.5970396635710015,0.012201043759835882,6,0.6052462149613272,0.6058608165867992,0.6055528575014356,0.6012014350136531,0.6084952219196449,0.605271309196572,0.002340295162689006
0.42799034118652346,0.052811949517023137,0.06908740997314453,0.02937055235965176,liblinear,l2,1000,0.0,,3.0,"{""model__C"": 3.0, ""model__class_weight"": null, ""model__l1_ratio"": 0.0, ""model__max_iter"": 1000, ""model__penalty"": ""l2"", ""model__solver"": ""liblinear""}",0.5914355860299971,0.5926264681759266,0.5846600361441091,0.620119901963307,0.5976984880575766,0.5973080960741832,0.012140085072315671,2,0.6052000847263089,0.6061244195521514,0.605378841737471,0.6009473652296404,0.6087899030779935,0.6052881228647131,0.002522697535800608
0.5197611331939698,0.05656791042614413,0.09924359321594238,0.0448080674330801,saga,l2,2000,0.0,balanced,0.03,"{""model__C"": 0.03, ""model__class_weight"": ""balanced"", ""model__l1_ratio"": 0.0, ""model__max_iter"": 2000, ""model__penalty"": ""l2"", ""model__solver"": ""saga""}",0.5792521704018059,0.5841057027759954,0.5840973013245252,0.6214636013751887,0.5954332392159053,0.592870403018684,0.015253738328133563,12,0.5987322245051161,0.6000770081711506,0.5993319320685758,0.5947101550966043,0.6024371878809164,0.5990577015444727,0.0025116612708432806
0.7165930271148682,0.12378535852565456,0.08924450874328613,0.03472355836901203,saga,l1,2000,1.0,balanced,0.1,"{""model__C"": 0.1, ""model__class_weight"": ""balanced"", ""model__l1_ratio"": 1.0, ""model__max_iter"": 2000, ""model__penalty"": ""l1"", ""model__solver"": ""saga""}",0.5822830512840632,0.5816393620929551,0.5842156511280742,0.6130022289002953,0.598228799561836,0.5918738185934448,0.01218334889571847,18,0.5963599703405201,0.5971603583033025,0.5997913990969671,0.5941635171043154,0.5994350915575007,0.5973820672805212,0.002072326747677568
0.633319091796875,0.13990328111980468,0.07108755111694336,0.016168657636214886,saga,elasticnet,2000,0.9,balanced,0.01,"{""model__C"": 0.01, ""model__class_weight"": ""balanced"", ""model__l1_ratio"": 0.9, ""model__max_iter"": 2000, ""model__penalty"": ""elasticnet"", ""model__solver"": ""saga""}",0.5577824943467466,0.5739355977450726,0.5627177177866038,0.6017821083519498,0.5799961006124585,0.5752428037685663,0.015429695332085143,31,0.5819561939898145,0.5767766714958469,0.5780910372916659,0.5694357064144165,0.577575776619982,0.5767670771623452,0.004076343650399387
0.470723819732666,0.03686199261727021,0.0666266918182373,0.014687193616861459,saga,elasticnet,2000,0.9,,0.03,"{""model__C"": 0.03, ""model__class_weight"": null, ""model__l1_ratio"": 0.9, ""model__max_iter"": 2000, ""model__penalty"": ""elasticnet"", ""model__solver"": ""saga""}",0.5612832776450013,0.5832640196337635,0.5747056464434734,0.6125150669090416,0.595170283086601,0.5853876587435762,0.01749989960431834,26,0.593449579888935,0.5954872472433965,0.593623939472583,0.5918809776279133,0.5946868031814732,0.5938257094828601,0.0012219948186140577
0.4795833587646484,0.08506717759494277,0.07163062095642089,0.012179100608011756,saga,l2,2000,0.0,balanced,0.003,"{""model__C"": 0.003, ""model__class_weight"": ""balanced"", ""model__l1_ratio"": 0.0, ""model__max_iter"": 2000, ""model__penalty"": ""l2"", ""model__solver"": ""saga""}",0.5521062765613993,0.5855431809211381,0.5690317217087697,0.615158385779826,0.5836831387457342,0.5811045407433734,0.02084546637071006,29,0.5890889460178638,0.5848858016554452,0.5875275049474659,0.5759795459289967,0.5912934447513555,0.5857550486602254,0.0053150041984418115
0.45040082931518555,0.05525840757121552,0.06735053062438964,0.01207818465241811,saga,elasticnet,2000,0.75,balanced,0.003,"{""model__C"": 0.003, ""model__class_weight"": ""balanced"", ""model__l1_ratio"": 0.75, ""model__max_iter"": 2000, ""model__penalty"": ""elasticnet"", ""model__solver"": ""saga""}",0.4748404375345172,0.4869935474877265,0.5010903510811853,0.5300014015017694,0.495309137085862,0.4976469749382121,0.0184269634401949,39,0.5023505018587335,0.4993987746545745,0.49829231713004957,0.49119931320267884,0.4972244075077654,0.49769306287076037,0.003670114954177429
1.062276554107666,0.22412112773507414,0.08649353981018067,0.009705299865604481,saga,elasticnet,1000,0.9,balanced,3.0,"{""model__C"": 3.0, ""model__class_weight"": ""balanced"", ""model__l1_ratio"": 0.9, ""model__max_iter"": 1000, ""model__penalty"": ""elasticnet"", ""model__solver"": ""saga""}",0.5835827326725571,0.5838537969927224,0.5817414881629883,0.6140516318731937,0.5954239100725887,0.5917307119548101,0.012166208332978178,20,0.5986683898254448,0.5991537343646979,0.5984762014247206,0.5940087661519314,0.5998388150498696,0.5980291813633328,0.002064536093058879
0.5874663352966308,0.07267070662358376,0.09424448013305664,0.0334972494611242,saga,elasticnet,1000,0.75,balanced,0.1,"{""model__C"": 0.1, ""model__class_weight"": ""balanced"", ""model__l1_ratio"": 0.75, ""model__max_iter"": 1000, ""model__penalty"": ""elasticnet"", ""model__solver"": ""saga""}",0.5837094958329584,0.5821100616024182,0.5842640573117789,0.6144619913771392,0.5955170612586639,0.5920125334765917,0.012192605473899594,17,0.5979725140754296,0.5984425897885023,0.5999831826029226,0.5939278389115512,0.5985156574109085,0.5977683565578629,0.00203517859205262
0.31621952056884767,0.04401703400847728,0.06681175231933593,0.020850768786477673,liblinear,l2,2000,0.0,balanced,0.001,"{""model__C"": 0.001, ""model__class_weight"": ""balanced"", ""model__l1_ratio"": 0.0, ""model__max_iter"": 2000, ""model__penalty"": ""l2"", ""model__solver"": ""liblinear""}",0.561549347466265,0.5838152962889591,0.5653718237781338,0.621032559019174,0.5796566609403275,0.5822851374985719,0.021102825018021344,27,0.5873766167256522,0.5842843288336206,0.5883040939396875,0.5753411419896725,0.5887015325398531,0.5848015428056972,0.004977458868915423
0.4945499897003174,0.09557028192310259,0.08230195045471192,0.020867437935329875,liblinear,l2,2000,0.0,,30.0,"{""model__C"": 30.0, ""model__class_weight"": null, ""model__l1_ratio"": 0.0, ""model__max_iter"": 2000, ""model__penalty"": ""l2"", ""model__solver"": ""liblinear""}",0.5905143111547476,0.5924504661902376,0.5847215963919193,0.6200490932712381,0.5971926776426588,0.5969856289301603,0.012205067845026549,7,0.6052388260168862,0.6058767644230547,0.6056090012744829,0.6011844170778649,0.6084870508410132,0.6052792119266603,0.002346275191692191
0.672293758392334,0.09481749512565589,0.0988227367401123,0.023895689580852163,saga,elasticnet,1000,0.25,balanced,0.3,"{""model__C"": 0.3, ""model__class_weight"": ""balanced"", ""model__l1_ratio"": 0.25, ""model__max_iter"": 1000, ""model__penalty"": ""elasticnet"", ""model__solver"": ""saga""}",0.587056670257925,0.5831808294839803,0.5830181671389879,0.614068655559774,0.5954233525808745,0.5925495350043084,0.01166295465631924,14,0.5994891722126128,0.5991742146480796,0.5989829915470455,0.5940988799801535,0.5993104148162305,0.5982111346408244,0.0020628001123331706
0.8752251148223877,0.10846952946432546,0.06370315551757813,0.00892444983350578,saga,elasticnet,500,0.25,,3.0,"{""model__C"": 3.0, ""model__class_weight"": null, ""model__l1_ratio"": 0.25, ""model__max_iter"": 500, ""model__penalty"": ""elasticnet"", ""model__solver"": ""saga""}",0.5911843340959976,0.5924520519170318,0.584639413000284,0.6201073504885084,0.5978356964702715,0.5972437691944187,0.012179005137845663,3,0.605137487706067,0.6061721001322854,0.6053213615429354,0.6010731450554132,0.6087894578619114,0.6052987104597224,0.002483144610367696
0.3992581367492676,0.11758982422341144,0.08627057075500488,0.019209048600369878,liblinear,l2,500,0.0,balanced,0.001,"{""model__C"": 0.001, ""model__class_weight"": ""balanced"", ""model__l1_ratio"": 0.0, ""model__max_iter"": 500, ""model__penalty"": ""l2"", ""model__solver"": ""liblinear""}",0.561549347466265,0.5838152962889591,0.5653718237781338,0.621032559019174,0.5796566609403275,0.5822851374985719,0.021102825018021344,27,0.5873766167256522,0.5842843288336206,0.5883040939396875,0.5753411419896725,0.5887015325398531,0.5848015428056972,0.004977458868915423
0.7052477359771728,0.1605648201008195,0.07084798812866211,0.002192139171116119,saga,l2,2000,0.0,,10.0,"{""model__C"": 10.0, ""model__class_weight"": null, ""model__l1_ratio"": 0.0, ""model__max_iter"": 2000, ""model__penalty"": ""l2"", ""model__solver"": ""saga""}",0.5906693006713474,0.5924418651142577,0.5847061675794226,0.6201041537969764,0.5973555413238785,0.5970554056971765,0.012213972708030651,4,0.6052470307275201,0.6058274962604397,0.6055636656047146,0.6011042024663545,0.608484394905516,0.605245357992909,0.0023698412061841302
0.5186780452728271,0.05395275371136076,0.06868181228637696,0.013989843476175736,saga,elasticnet,1000,0.1,balanced,0.001,"{""model__C"": 0.001, ""model__class_weight"": ""balanced"", ""model__l1_ratio"": 0.1, ""model__max_iter"": 1000, ""model__penalty"": ""elasticnet"", ""model__solver"": ""saga""}",0.5449043436762171,0.5617371444073651,0.5455761561787661,0.6059908473697863,0.5669545538477573,0.5650326090959783,0.022252334127299385,35,0.5754598792503652,0.5620274780188057,0.5677754527888714,0.5588327119793609,0.5667466181558324,0.5661684280386472,0.005660531691431053
3.4338798999786375,0.2084188257851791,0.07604718208312988,0.008955738685535557,saga,elasticnet,500,0.5,balanced,100.0,"{""model__C"": 100.0, ""model__class_weight"": ""balanced"", ""model__l1_ratio"": 0.5, ""model__max_iter"": 500, ""model__penalty"": ""elasticnet"", ""model__solver"": ""saga""}",0.5829708955872683,0.5837800256383685,0.5816607531306899,0.61404888792225,0.5957261593406393,0.5916373443238432,0.01229123962152687,22,0.5988313467338655,0.5993509049558202,0.5987503893738425,0.5943721743527325,0.599832069116739,0.5982273769066,0.001966634724149368
0.6621463775634766,0.05406000539034851,0.06975722312927246,0.00453522856600609,saga,elasticnet,500,0.25,balanced,0.3,"{""model__C"": 0.3, ""model__class_weight"": ""balanced"", ""model__l1_ratio"": 0.25, ""model__max_iter"": 500, ""model__penalty"": ""elasticnet"", ""model__solver"": ""saga""}",0.587056670257925,0.5831808294839803,0.5830181671389879,0.614068655559774,0.5954233525808745,0.5925495350043084,0.01166295465631924,14,0.5994891722126128,0.5991742146480796,0.5989829915470455,0.5940988799801535,0.5993104148162305,0.5982111346408244,0.0020628001123331706
0.42011065483093263,0.08454475348116426,0.08532071113586426,0.022621417963260438,lbfgs,l2,2000,0.0,,30.0,"{""model__C"": 30.0, ""model__class_weight"": null, ""model__l1_ratio"": 0.0, ""model__max_iter"": 2000, ""model__penalty"": ""l2"", ""model__solver"": ""lbfgs""}",0.5870643020063879,0.5907595487449189,0.5819648376575133,0.6213078592712147,0.5978279693217722,0.5957849034003615,0.01376875223080834,8,0.5985587650772687,0.6044070349325563,0.602688942628599,0.600386376919095,0.6081278414824243,0.6028337922079886,0.0033102486418971266
0.6345705032348633,0.09509358787268672,0.12488574981689453,0.05931255332695757,saga,elasticnet,1000,0.9,balanced,0.01,"{""model__C"": 0.01, ""model__class_weight"": ""balanced"", ""model__l1_ratio"": 0.9, ""model__max_iter"": 1000, ""model__penalty"": ""elasticnet"", ""model__solver"": ""saga""}",0.5577824943467466,0.5739355977450726,0.5627177177866038,0.6017821083519498,0.5799961006124585,0.5752428037685663,0.015429695332085143,31,0.5819561939898145,0.5767766714958469,0.5780910372916659,0.5694357064144165,0.577575776619982,0.5767670771623452,0.004076343650399387
0.35213503837585447,0.0491808818435023,0.07848982810974121,0.0272008236359831,saga,l1,2000,1.0,,0.001,"{""model__C"": 0.001, ""model__class_weight"": null, ""model__l1_ratio"": 1.0, ""model__max_iter"": 2000, ""model__penalty"": ""l1"", ""model__solver"": ""saga""}",0.23199251637043966,0.23223192019950126,0.23199251637043966,0.23199251637043966,0.23230433426878702,0.23210276071592145,0.00013694927275862117,40,0.23213032972172423,0.2320704708450265,0.23213032972172423,0.23213032972172423,0.2320523813235638,0.2321027682667526,3.423702351118262e-05
1.9725383281707765,0.3016190912797993,0.08533334732055664,0.021147641203808774,saga,elasticnet,2000,0.25,balanced,30.0,"{""model__C"": 30.0, ""model__class_weight"": ""balanced"", ""model__l1_ratio"": 0.25, ""model__max_iter"": 2000, ""model__penalty"": ""elasticnet"", ""model__solver"": ""saga""}",0.5830195789346614,0.5837734666923771,0.5816609329610402,0.6140582456092432,0.5955900935898811,0.5916204635574406,0.01227969748645267,24,0.5988643518058783,0.5993481712844856,0.5987522674875199,0.5943603993669737,0.5998430057855089,0.5982336391460732,0.001974892557577312
3.610188913345337,0.43830990318191154,0.05595402717590332,0.01791215258303816,saga,elasticnet,500,0.1,,100.0,"{""model__C"": 100.0, ""model__class_weight"": null, ""model__l1_ratio"": 0.1, ""model__max_iter"": 500, ""model__penalty"": ""elasticnet"", ""model__solver"": ""saga""}",0.5905402714281022,0.5924838335681126,0.5847117367610144,0.6200681811582517,0.5974124572180786,0.597043296026712,0.01221005320275651,5,0.6052516537926161,0.6058664403323072,0.6055986076696661,0.6011833461947413,0.6084958406257928,0.6052791777230248,0.002348208958672204
0.30322961807250975,0.04478368464959579,0.08609824180603028,0.01668960011444971,liblinear,l2,1000,0.0,,0.001,"{""model__C"": 0.001, ""model__class_weight"": null, ""model__l1_ratio"": 0.0, ""model__max_iter"": 1000, ""model__penalty"": ""l2"", ""model__solver"": ""liblinear""}",0.5564070195335973,0.5639750698354998,0.5656046869293593,0.6085728483428647,0.5595432449147284,0.5708205739112099,0.019153220757419678,33,0.575886836760421,0.5750516165822134,0.5753352410409073,0.5643951617568485,0.575263713229937,0.5731865138740655,0.004404316279582316
0.5167562007904053,0.1414335242845248,0.08679141998291015,0.010214432877270491,saga,elasticnet,2000,0.75,,0.01,"{""model__C"": 0.01, ""model__class_weight"": null, ""model__l1_ratio"": 0.75, ""model__max_iter"": 2000, ""model__penalty"": ""elasticnet"", ""model__solver"": ""saga""}",0.5544138591472313,0.5719430444712321,0.5484649417247908,0.5951759288497551,0.5767946403076213,0.5693584829001261,0.016663725590797037,34,0.579569426181688,0.574296797326141,0.5666732432845142,0.5696126591456043,0.5733861472977486,0.5727076546471391,0.0043832123601623505
0.5862903118133544,0.05045238315415779,0.09460506439208985,0.017828414960106374,saga,elasticnet,1000,0.25,,0.003,"{""model__C"": 0.003, ""model__class_weight"": null, ""model__l1_ratio"": 0.25, ""model__max_iter"": 1000, ""model__penalty"": ""elasticnet"", ""model__solver"": ""saga""}",0.5354650673864294,0.5446951509537322,0.5444664774226171,0.5848802870246408,0.5588488148684003,0.5536711595311641,0.01730649847646484,37,0.5644946879973591,0.5497223493150725,0.5638442713370952,0.5529578317483324,0.5532723504332865,0.5568582981662292,0.00610102772037479
0.37577409744262696,0.058708041919219564,0.08522472381591797,0.028329695035379528,saga,l2,2000,0.0,,0.01,"{""model__C"": 0.01, ""model__class_weight"": null, ""model__l1_ratio"": 0.0, ""model__max_iter"": 2000, ""model__penalty"": ""l2"", ""model__solver"": ""saga""}",0.5667613155769877,0.5880018452386329,0.5753463781790831,0.6300758651444823,0.5879836636559322,0.5896338135590237,0.021763399667407424,25,0.5958214379393912,0.5983680407007118,0.5938838645199495,0.5889197322505514,0.5988349582404121,0.5951656067302032,0.0036001013742670345
0.43599581718444824,0.10872953429485281,0.08524389266967773,0.02806293560924021,lbfgs,l2,2000,0.0,,0.001,"{""model__C"": 0.001, ""model__class_weight"": null, ""model__l1_ratio"": 0.0, ""model__max_iter"": 2000, ""model__penalty"": ""l2"", ""model__solver"": ""lbfgs""}",0.5592158873512132,0.581872095891204,0.5609740516416616,0.6189037070256811,0.5761352994385756,0.5794202082696671,0.021560261274271113,30,0.5850241180106619,0.5799284976438687,0.5837760707802773,0.5721720015204371,0.5854907326164326,0.5812782841143355,0.004955022469899326
0.7211606502532959,0.11326919769780804,0.07679033279418945,0.012569567339680659,saga,elasticnet,2000,0.25,balanced,0.3,"{""model__C"": 0.3, ""model__class_weight"": ""balanced"", ""model__l1_ratio"": 0.25, ""model__max_iter"": 2000, ""model__penalty"": ""elasticnet"", ""model__solver"": ""saga""}",0.587056670257925,0.5831808294839803,0.5830181671389879,0.614068655559774,0.5954233525808745,0.5925495350043084,0.01166295465631924,14,0.5994891722126128,0.5991742146480796,0.5989829915470455,0.5940988799801535,0.5993104148162305,0.5982111346408244,0.0020628001123331706
0.43262743949890137,0.10180057596712268,0.09108662605285645,0.022176705076111837,lbfgs,l2,500,0.0,balanced,0.3,"{""model__C"": 0.3, ""model__class_weight"": ""balanced"", ""model__l1_ratio"": 0.0, ""model__max_iter"": 500, ""model__penalty"": ""l2"", ""model__solver"": ""lbfgs""}",0.5887793600173024,0.5826583024762304,0.5821478107860997,0.6143095463884779,0.5969291016454127,0.5929648242627047,0.011933674544172785,11,0.5991011377767498,0.5997619487393321,0.5988630393658871,0.594825950591146,0.5997503882276697,0.598460492940157,0.0018514850562848027
0.9077901840209961,0.08706196705899194,0.031971979141235354,0.006627323550363093,saga,l2,500,0.0,balanced,100.0,"{""model__C"": 100.0, ""model__class_weight"": ""balanced"", ""model__l1_ratio"": 0.0, ""model__max_iter"": 500, ""model__penalty"": ""l2"", ""model__solver"": ""saga""}",0.5829720310396949,0.5837870816531364,0.5816607531306899,0.6140483375960392,0.5957453373212203,0.5916427081481561,0.012291254876591648,21,0.5988328579085614,0.5993528218304497,0.5987496778808968,0.5943715831394539,0.5998326042326398,0.5982279089984003,0.0019672280373930107
