mean_fit_time,std_fit_time,mean_score_time,std_score_time,param_model__n_estimators,param_model__min_samples_split,param_model__min_samples_leaf,param_model__max_features,param_model__max_depth,param_model__class_weight,params,split0_test_score,split1_test_score,split2_test_score,split3_test_score,split4_test_score,mean_test_score,std_test_score,rank_test_score,split0_train_score,split1_train_score,split2_train_score,split3_train_score,split4_train_score,mean_train_score,std_train_score
51.98882393836975,2.9912524435659145,4.30071325302124,2.123038315712116,300,10,4,,10,,"{""model__class_weight"": null, ""model__max_depth"": 10, ""model__max_features"": null, ""model__min_samples_leaf"": 4, ""model__min_samples_split"": 10, ""model__n_estimators"": 300}",0.8890360389960906,0.899618244724586,0.9036421923346135,0.9117887139211688,0.8999199104939962,0.900801020094091,0.007340187562675927,16,0.9414216120184149,0.9366244323997798,0.94345136873872,0.940644365709725,0.939809551077182,0.9403902659887644,0.0022368425861161124
55.71084041595459,1.9028480561846317,2.5486491680145265,0.6120157184519506,200,20,8,,30,balanced_subsample,"{""model__class_weight"": ""balanced_subsample"", ""model__max_depth"": 30, ""model__max_features"": null, ""model__min_samples_leaf"": 8, ""model__min_samples_split"": 20, ""model__n_estimators"": 200}",0.8875776876591942,0.9022372190941512,0.8946199854471755,0.9123958988742826,0.8942972930643104,0.8982256168278229,0.008469953327423356,21,0.9516874828285384,0.9500412646012233,0.9524455939912233,0.9498529656828006,0.950511450330368,0.9509077514868307,0.0009993365554691277
45.425865983963014,2.8446257459932776,4.783573389053345,1.9564891868733685,300,2,2,0.5,10,balanced_subsample,"{""model__class_weight"": ""balanced_subsample"", ""model__max_depth"": 10, ""model__max_features"": 0.5, ""model__min_samples_leaf"": 2, ""model__min_samples_split"": 2, ""model__n_estimators"": 300}",0.8807235371829362,0.8992585078175802,0.8994790747813465,0.9106879911129107,0.8925773661314351,0.8965452954052416,0.009818929889441795,22,0.9295401554573897,0.9297662489752758,0.9311627318273,0.9294361733297852,0.9285959998018508,0.9297002618783203,0.0008316182068296323
78.7161874294281,3.032379278638825,3.1068087577819825,1.1315971833597442,300,10,2,,,balanced_subsample,"{""model__class_weight"": ""balanced_subsample"", ""model__max_depth"": null, ""model__max_features"": null, ""model__min_samples_leaf"": 2, ""model__min_samples_split"": 10, ""model__n_estimators"": 300}",0.8959551071579464,0.9100634904272497,0.9033920499786073,0.9120507140205462,0.8982536504275126,0.9039430024023722,0.006319400386890417,9,0.9841788633827933,0.9831902267318313,0.9842076238391936,0.9837114165182375,0.9833184577386741,0.9837213176421459,0.0004219700252791051
7.685403823852539,2.7261503232951174,2.0446635723114013,1.1647323424984426,100,2,8,log2,10,balanced,"{""model__class_weight"": ""balanced"", ""model__max_depth"": 10, ""model__max_features"": ""log2"", ""model__min_samples_leaf"": 8, ""model__min_samples_split"": 2, ""model__n_estimators"": 100}",0.8351895641164557,0.8440587298312222,0.8555606744776458,0.8671792575405066,0.8494122270836453,0.8502800906098951,0.010776352962118705,33,0.8674060743709167,0.8586960315727783,0.8584385305006555,0.8571062981634624,0.8627759034140497,0.8608845676043725,0.003772407960269143
24.075998306274414,2.223967806898937,1.9147481441497802,0.5286588169741404,300,2,2,sqrt,20,balanced,"{""model__class_weight"": ""balanced"", ""model__max_depth"": 20, ""model__max_features"": ""sqrt"", ""model__min_samples_leaf"": 2, ""model__min_samples_split"": 2, ""model__n_estimators"": 300}",0.8899950405096816,0.9036600039660966,0.9036970411369998,0.9121355924614146,0.8990329426337935,0.9017041241415973,0.007222888141078043,14,0.9531461509834774,0.9495523490993779,0.9531524541050971,0.9511873594407774,0.9518577453553356,0.9517792117968131,0.001346825258278686
21.336218070983886,4.065069692849251,1.3090380668640136,0.5728841690994086,200,20,2,,5,balanced_subsample,"{""model__class_weight"": ""balanced_subsample"", ""model__max_depth"": 5, ""model__max_features"": null, ""model__min_samples_leaf"": 2, ""model__min_samples_split"": 20, ""model__n_estimators"": 200}",0.8278548522655346,0.8445406971175123,0.8552496368274285,0.860378445439801,0.8423699298277372,0.8460787122956027,0.011285547015906902,35,0.8604102401226127,0.8532338585564287,0.8540695409743086,0.8539625979776371,0.8512436296515425,0.854583973456506,0.003084698964496654
12.490194272994994,3.5283467252687934,1.0167746543884277,0.41822646906071353,100,2,4,log2,30,balanced,"{""model__class_weight"": ""balanced"", ""model__max_depth"": 30, ""model__max_features"": ""log2"", ""model__min_samples_leaf"": 4, ""model__min_samples_split"": 2, ""model__n_estimators"": 100}",0.8698659389028623,0.8793093440026926,0.8849750153626231,0.8966186082386716,0.8790342916308016,0.8819606396275302,0.008784271985600679,25,0.9114134946081663,0.9047939970526395,0.9071646836081074,0.9074537935153162,0.9075343164038135,0.9076720570376086,0.0021262936587304574
16.60072422027588,2.7582636149907307,1.8811933517456054,0.5858162135329108,100,10,1,0.5,,balanced_subsample,"{""model__class_weight"": ""balanced_subsample"", ""model__max_depth"": null, ""model__max_features"": 0.5, ""model__min_samples_leaf"": 1, ""model__min_samples_split"": 10, ""model__n_estimators"": 100}",0.9009320207007846,0.9178124444290852,0.9086009168347405,0.9183599279343936,0.906601387816415,0.9104613395430837,0.006717064227837311,3,0.9858230750901333,0.984931799044549,0.9854985600803549,0.9859173577972318,0.9854865330477275,0.9855314650119993,0.00034544191054989356
27.164421463012694,4.7601242258322625,4.995664739608765,1.9160859983505572,200,20,8,0.5,30,,"{""model__class_weight"": null, ""model__max_depth"": 30, ""model__max_features"": 0.5, ""model__min_samples_leaf"": 8, ""model__min_samples_split"": 20, ""model__n_estimators"": 200}",0.8940195170483951,0.9060379325685846,0.9019686027957016,0.9191846497190598,0.9019557245336585,0.90463328533308,0.008253934594002579,8,0.9463476231299526,0.9436126785982959,0.9448770179507407,0.9435003343503527,0.9455588606757418,0.9447793029410168,0.001102148784225855
41.597224187850955,6.210813393249559,5.915124893188477,2.4581447727759054,500,5,4,,5,balanced,"{""model__class_weight"": ""balanced"", ""model__max_depth"": 5, ""model__max_features"": null, ""model__min_samples_leaf"": 4, ""model__min_samples_split"": 5, ""model__n_estimators"": 500}",0.8237241742116562,0.8531853746741526,0.8530546843920221,0.8613801629004406,0.841871841923237,0.8466432476203017,0.01303175243838947,34,0.8578167207243327,0.8579771516626644,0.852180440726775,0.8531528882670948,0.8509714520586629,0.854419730687906,0.0029224893516766486
81.9839900970459,2.889112879064922,3.600895071029663,1.1406753799428753,500,2,2,0.5,20,,"{""model__class_weight"": null, ""model__max_depth"": 20, ""model__max_features"": 0.5, ""model__min_samples_leaf"": 2, ""model__min_samples_split"": 2, ""model__n_estimators"": 500}",0.9083445089956599,0.9181520658636284,0.9124535730818442,0.9232678973383874,0.9153697859353751,0.9155175662429791,0.005057091332451307,1,0.9900756871974663,0.9891022327564128,0.9901541638394663,0.990461150969049,0.9894786702424838,0.9898543810009757,0.0004927274160953054
13.326598739624023,3.2230493122588215,2.7574361324310304,1.1979154753837662,100,2,2,log2,,balanced,"{""model__class_weight"": ""balanced"", ""model__max_depth"": null, ""model__max_features"": ""log2"", ""model__min_samples_leaf"": 2, ""model__min_samples_split"": 2, ""model__n_estimators"": 100}",0.8883624305651334,0.9027748421816689,0.8985366991567573,0.9081718999185532,0.8941756955328352,0.8984043134709896,0.006830013384366158,20,0.9563763397773218,0.9532466677066903,0.9544451360912067,0.9554398137522938,0.956199465007349,0.9551414844669723,0.0011669123736829177
7.827630186080933,1.833751023021904,2.035226249694824,1.3074372588803553,100,20,8,log2,5,balanced,"{""model__class_weight"": ""balanced"", ""model__max_depth"": 5, ""model__max_features"": ""log2"", ""model__min_samples_leaf"": 8, ""model__min_samples_split"": 20, ""model__n_estimators"": 100}",0.8214951600222042,0.8298712261690295,0.8398211791677085,0.8512755148523147,0.8368359808341694,0.8358598122090853,0.009964894545946353,39,0.8475858449260335,0.8407084146332452,0.8336188616881003,0.8374307241633676,0.8445811026594309,0.8407849896140356,0.004965328934124066
46.017413997650145,2.8172468255213943,2.234122133255005,0.7784629161586127,200,20,4,,,balanced,"{""model__class_weight"": ""balanced"", ""model__max_depth"": null, ""model__max_features"": null, ""model__min_samples_leaf"": 4, ""model__min_samples_split"": 20, ""model__n_estimators"": 200}",0.8903329965475709,0.9061893732004153,0.8993809277829307,0.9141235642716073,0.8960887839673399,0.9012231291539727,0.008239356779811285,15,0.9636911811262308,0.9619426942941558,0.9641386464645864,0.9629427369314847,0.9620497962553605,0.9629530110143636,0.0008703182024605059
27.948178339004517,7.140340485616836,5.532895565032959,2.277405249671304,500,5,2,log2,10,,"{""model__class_weight"": null, ""model__max_depth"": 10, ""model__max_features"": ""log2"", ""model__min_samples_leaf"": 2, ""model__min_samples_split"": 5, ""model__n_estimators"": 500}",0.8429246351966109,0.8507873831851754,0.8635283971628117,0.8736634908764034,0.8542682123693166,0.8570344237580635,0.010625075420186644,30,0.8773130902388095,0.8723354751729704,0.8732301773045882,0.8716173535807925,0.8731465504239364,0.8735285293442192,0.001981605109712763
26.5387291431427,6.412449526807372,1.8448071479797363,0.5751178198295438,200,20,2,sqrt,10,balanced_subsample,"{""model__class_weight"": ""balanced_subsample"", ""model__max_depth"": 10, ""model__max_features"": ""sqrt"", ""model__min_samples_leaf"": 2, ""model__min_samples_split"": 20, ""model__n_estimators"": 200}",0.8529804691276688,0.8622831737364804,0.8722020376834014,0.8795106946347072,0.8635429668584097,0.8661038684081335,0.009058809978967923,27,0.8859308306444782,0.8801135503443827,0.8793984927694022,0.8776048147860391,0.8802458132342524,0.880658700355711,0.0027991913948458205
10.676601266860962,3.1394267187672815,2.3209863185882567,1.2367932297128532,200,10,4,,5,balanced,"{""model__class_weight"": ""balanced"", ""model__max_depth"": 5, ""model__max_features"": null, ""model__min_samples_leaf"": 4, ""model__min_samples_split"": 10, ""model__n_estimators"": 200}",0.820984254706447,0.8519619809747307,0.8517165447608892,0.855639609728157,0.8409082671959032,0.8442421314732254,0.0126286097699675,36,0.8564818945646749,0.8571380433715416,0.851662481211394,0.8472879376679071,0.8485093601970299,0.8522159434025095,0.004018848775446483
48.80600566864014,0.8313463311382006,2.4000580310821533,0.7014038205609735,300,20,2,,,balanced,"{""model__class_weight"": ""balanced"", ""model__max_depth"": null, ""model__max_features"": null, ""model__min_samples_leaf"": 2, ""model__min_samples_split"": 20, ""model__n_estimators"": 300}",0.8918895465256766,0.9082750521580834,0.9016531958975724,0.9129533143574157,0.8940499338661028,0.9017642085609701,0.008057524198669135,13,0.9700611478505604,0.968998709843117,0.9707321253351949,0.9700000121918699,0.9687478083705292,0.9697079607182543,0.0007326496722152937
53.38209228515625,19.28586318523423,4.540176868438721,3.0357219057315765,500,20,8,sqrt,20,balanced_subsample,"{""model__class_weight"": ""balanced_subsample"", ""model__max_depth"": 20, ""model__max_features"": ""sqrt"", ""model__min_samples_leaf"": 8, ""model__min_samples_split"": 20, ""model__n_estimators"": 500}",0.8685727835929299,0.881107621685016,0.8860145738034407,0.8955257860127441,0.8799543619326464,0.8822350254053554,0.008764229800523916,24,0.904949365746021,0.9007196306807485,0.9024126586797052,0.8994616384074196,0.9033554362982475,0.9021797459624283,0.001930146893978124
29.684427070617676,3.545739292588148,4.6300475120544435,0.8490336750270541,300,20,1,sqrt,,,"{""model__class_weight"": null, ""model__max_depth"": null, ""model__max_features"": ""sqrt"", ""model__min_samples_leaf"": 1, ""model__min_samples_split"": 20, ""model__n_estimators"": 300}",0.8932971908583952,0.9071186128916664,0.9044869719996849,0.9160590951171133,0.9023636944447979,0.9046651130623315,0.0073539160398159815,7,0.955178508464068,0.9527938163764411,0.954241954517366,0.9536446703625285,0.9542078995412734,0.9540133698523355,0.0007836951866466227
17.44633631706238,6.0219861913015125,4.274768590927124,1.2085693521444316,200,20,8,log2,20,,"{""model__class_weight"": null, ""model__max_depth"": 20, ""model__max_features"": ""log2"", ""model__min_samples_leaf"": 8, ""model__min_samples_split"": 20, ""model__n_estimators"": 200}",0.8500013046196797,0.8603952802885487,0.8690910046837269,0.8805817403301233,0.8639722942647767,0.864808324837371,0.010065423389094977,29,0.8841149093576408,0.8778820889599813,0.8789879349698486,0.8757451929106828,0.87986479395936,0.8793189840315027,0.0027656844402164354
8.398672437667846,3.039020457396667,0.958725881576538,0.19635413163598983,100,2,8,sqrt,20,balanced,"{""model__class_weight"": ""balanced"", ""model__max_depth"": 20, ""model__max_features"": ""sqrt"", ""model__min_samples_leaf"": 8, ""model__min_samples_split"": 2, ""model__n_estimators"": 100}",0.866006101120721,0.8829074451687376,0.8852698120135913,0.8945721822137171,0.8780068290985489,0.8813524739230632,0.009372605380155838,26,0.9028813517631966,0.9004228370398489,0.9027867003891077,0.8984976567695955,0.9008402024010066,0.9010857496725511,0.0016318940960474888
14.000747919082642,5.619266652977929,4.661639595031739,1.3112055572795016,200,5,1,log2,5,,"{""model__class_weight"": null, ""model__max_depth"": 5, ""model__max_features"": ""log2"", ""model__min_samples_leaf"": 1, ""model__min_samples_split"": 5, ""model__n_estimators"": 200}",0.8184409025735131,0.8255091897918163,0.8446002712064423,0.8539871130372697,0.8353898982558988,0.8355854749729881,0.012770222947505088,40,0.8465634129172447,0.839071279854583,0.8387805232525849,0.8408256658334146,0.8455645319454274,0.842161082760651,0.003277876755354943
47.40105948448181,2.3679780162082955,3.898565244674683,0.8530335456526016,200,2,1,0.5,20,,"{""model__class_weight"": null, ""model__max_depth"": 20, ""model__max_features"": 0.5, ""model__min_samples_leaf"": 1, ""model__min_samples_split"": 2, ""model__n_estimators"": 200}",0.9061935828407783,0.9126933163019719,0.9105227559414096,0.9163323849819633,0.9123822808228212,0.9116248641777889,0.0033042240106879186,2,0.9991805786487478,0.9988497394871165,0.9991382283894946,0.9992120790499284,0.9990278240689089,0.9990816899288392,0.00013166581761278804
192.62388939857482,9.152630628417384,21.480614376068115,4.884405035387042,500,2,1,,,balanced_subsample,"{""model__class_weight"": ""balanced_subsample"", ""model__max_depth"": null, ""model__max_features"": null, ""model__min_samples_leaf"": 1, ""model__min_samples_split"": 2, ""model__n_estimators"": 500}",0.8917413027445413,0.902537308867845,0.9002508412801458,0.9005294183041763,0.8970666858815697,0.8984251114156556,0.0037733322988753306,19,0.9997693382254303,0.9995966820064796,0.9996580942558255,0.9997137353016311,0.9997288803534993,0.9996933460285732,6.006637218299718e-05
36.649177646636964,1.968381617258929,3.869832706451416,1.6122965821693345,100,20,4,,20,balanced,"{""model__class_weight"": ""balanced"", ""model__max_depth"": 20, ""model__max_features"": null, ""model__min_samples_leaf"": 4, ""model__min_samples_split"": 20, ""model__n_estimators"": 100}",0.8892531134157509,0.9061869148220684,0.8984518783423034,0.9129574269420252,0.8945731766313216,0.9002845020306939,0.008403699003922996,17,0.9620461121160134,0.9604281964236905,0.9633067032970124,0.9616796005857349,0.9608318881302607,0.9616585001105424,0.0010063991820898116
14.539855098724365,4.3654774695541825,2.6228756427764894,2.055399532776861,100,10,2,sqrt,30,balanced,"{""model__class_weight"": ""balanced"", ""model__max_depth"": 30, ""model__max_features"": ""sqrt"", ""model__min_samples_leaf"": 2, ""model__min_samples_split"": 10, ""model__n_estimators"": 100}",0.892707777017839,0.9065595126966379,0.904197122336144,0.9145310479350199,0.9003414206337425,0.9036673761238765,0.007181075723212498,10,0.9552760301467316,0.9508959923846019,0.9558464366079048,0.9527174762000976,0.9551218105563596,0.9539715491791391,0.001874658546747429
34.05373110771179,3.6317881655993776,3.1519225597381593,1.0927530448510376,300,10,4,0.5,10,,"{""model__class_weight"": null, ""model__max_depth"": 10, ""model__max_features"": 0.5, ""model__min_samples_leaf"": 4, ""model__min_samples_split"": 10, ""model__n_estimators"": 300}",0.8861005761273719,0.8980822255730085,0.9010397679353908,0.9105227078138642,0.8984288010186654,0.8988348156936601,0.0078020604168319,18,0.9308875256867828,0.9279960638058504,0.9312382863168481,0.9277591068525474,0.9295792479418468,0.9294920461207751,0.0014314582629652507
130.62001752853394,10.321370718642576,22.918990707397462,6.052158436578624,500,2,8,sqrt,,balanced_subsample,"{""model__class_weight"": ""balanced_subsample"", ""model__max_depth"": null, ""model__max_features"": ""sqrt"", ""model__min_samples_leaf"": 8, ""model__min_samples_split"": 2, ""model__n_estimators"": 500}",0.8698233093579729,0.8826566093080429,0.8864973256428268,0.8981648587083635,0.8822466793940196,0.8838777564822451,0.009084740276577935,23,0.9084795160999464,0.9032266447663394,0.9056154571213493,0.9022136005242977,0.9064793993410606,0.9052029235705985,0.0022528809606261564
40.72017664909363,16.799144663915122,4.269324398040771,1.926863688287091,200,20,8,log2,5,balanced_subsample,"{""model__class_weight"": ""balanced_subsample"", ""model__max_depth"": 5, ""model__max_features"": ""log2"", ""model__min_samples_leaf"": 8, ""model__min_samples_split"": 20, ""model__n_estimators"": 200}",0.8218959931271663,0.8278779051739223,0.8450903864080916,0.8565652559853458,0.8356342044074596,0.8374127490203971,0.012333781419064578,38,0.8477784371431365,0.8400256668849942,0.8399902065845105,0.8413378525584179,0.8448326068015999,0.8427929539945318,0.003054367920823446
122.90696721076965,3.5238020785104043,7.157289314270019,1.2725643006278835,500,20,4,,30,,"{""model__class_weight"": null, ""model__max_depth"": 30, ""model__max_features"": null, ""model__min_samples_leaf"": 4, ""model__min_samples_split"": 20, ""model__n_estimators"": 500}",0.8979045294804001,0.9092178265017218,0.9065741070656782,0.9193751464289994,0.9041745743294909,0.9074492367612581,0.007041959019712854,5,0.960447047015568,0.9574757353631617,0.9606642145335266,0.9605558790268245,0.960266849717223,0.9598819451312608,0.0012102453834945146
70.01770067214966,30.25813003011906,5.526607656478882,4.792880221349143,300,10,2,0.5,5,balanced_subsample,"{""model__class_weight"": ""balanced_subsample"", ""model__max_depth"": 5, ""model__max_features"": 0.5, ""model__min_samples_leaf"": 2, ""model__min_samples_split"": 10, ""model__n_estimators"": 300}",0.8365989556227061,0.8516142765886764,0.8627608878914116,0.8705952115398847,0.8529657281118623,0.8549070119509082,0.01146820464814291,32,0.8638551090586944,0.8602562971104367,0.8572431528631315,0.8592283308996715,0.8609285685902553,0.860302291704438,0.0021692658506350542
11.249906921386719,4.212303043556693,2.77644567489624,3.4121128670589616,200,2,8,log2,20,,"{""model__class_weight"": null, ""model__max_depth"": 20, ""model__max_features"": ""log2"", ""model__min_samples_leaf"": 8, ""model__min_samples_split"": 2, ""model__n_estimators"": 200}",0.8498794030134306,0.8604847868871818,0.8719704631312895,0.8788882299445651,0.8650104471048091,0.8652466660162552,0.009901371404672388,28,0.8831701904564677,0.8787126755942128,0.8815385121610884,0.8753269478815056,0.8788071741060006,0.8795111000398549,0.0026884741094622073
214.94770436286927,12.541256492899779,28.105900049209595,7.309482586409177,500,10,4,,30,balanced_subsample,"{""model__class_weight"": ""balanced_subsample"", ""model__max_depth"": 30, ""model__max_features"": null, ""model__min_samples_leaf"": 4, ""model__min_samples_split"": 10, ""model__n_estimators"": 500}",0.892877580092723,0.9077276374222983,0.901667369778851,0.9146367190984954,0.9004039427515015,0.9034626498287739,0.007316725551457025,11,0.9764323548109145,0.9758386082065165,0.9772432162984341,0.9758130843040049,0.9755375107150852,0.9761729548669912,0.000609562407667645
123.19386391639709,7.369666169825891,36.74658174514771,44.55742296095091,500,20,8,,5,,"{""model__class_weight"": null, ""model__max_depth"": 5, ""model__max_features"": null, ""model__min_samples_leaf"": 8, ""model__min_samples_split"": 20, ""model__n_estimators"": 500}",0.8412699046987999,0.8500966379911006,0.862533667548233,0.8668488281727043,0.8563847910541753,0.8554267658930026,0.009063292474487363,31,0.8672589118991333,0.8592651079932947,0.8607973161254399,0.8572861675386981,0.8628334729168463,0.8614881952946825,0.0034113753955765966
93.71293330192566,11.411909634092334,10.688441133499145,4.028209925149758,300,2,2,log2,5,balanced,"{""model__class_weight"": ""balanced"", ""model__max_depth"": 5, ""model__max_features"": ""log2"", ""model__min_samples_leaf"": 2, ""model__min_samples_split"": 2, ""model__n_estimators"": 300}",0.8232309364749809,0.8309280429693497,0.8459656544933771,0.8568197804928354,0.8370371734416461,0.838796317574438,0.011692134360675618,37,0.8492982151147604,0.8440665985952189,0.8407550661263592,0.8422587261703981,0.8471535385789042,0.8447064289171282,0.0031332649317598986
113.24552807807922,20.133313278104033,7.078355169296264,2.340444409734777,300,10,1,log2,30,balanced,"{""model__class_weight"": ""balanced"", ""model__max_depth"": 30, ""model__max_features"": ""log2"", ""model__min_samples_leaf"": 1, ""model__min_samples_split"": 10, ""model__n_estimators"": 300}",0.8934044540565542,0.9107661044654044,0.9059830184868036,0.9143938146797571,0.9007039470105943,0.9050502677398227,0.007421026385547804,6,0.9707010491337136,0.9689646832567805,0.9700243189864383,0.9697713560184817,0.9701530246916461,0.9699228864174121,0.0005674335490985111
71.7561453819275,8.788658089576488,11.036615371704102,7.116341981451554,100,5,2,,30,balanced,"{""model__class_weight"": ""balanced"", ""model__max_depth"": 30, ""model__max_features"": null, ""model__min_samples_leaf"": 2, ""model__min_samples_split"": 5, ""model__n_estimators"": 100}",0.8940243627971787,0.9103148125039103,0.9006240234451937,0.9082091067521622,0.899967959691611,0.9026280530380111,0.0059219954175510105,12,0.9954434286216904,0.9951052364070967,0.995587957776459,0.9954732622705509,0.9951333510632215,0.9953486472278037,0.00019358885625198548
74.7636688709259,22.079545124420427,3.464849853515625,2.1415483838452154,200,5,4,,,,"{""model__class_weight"": null, ""model__max_depth"": null, ""model__max_features"": null, ""model__min_samples_leaf"": 4, ""model__min_samples_split"": 5, ""model__n_estimators"": 200}",0.9005567930522776,0.9125675545151684,0.9060156857228912,0.9200599413506608,0.9093400475143786,0.9097080044310752,0.0065246134614289865,4,0.9772928634502448,0.9749237857779505,0.9774158596006639,0.978236640779658,0.9768279247295015,0.9769394148676037,0.0011054330580444268
