mean_fit_time,std_fit_time,mean_score_time,std_score_time,param_model__solver,param_model__penalty,param_model__max_iter,param_model__class_weight,param_model__C,param_model__l1_ratio,params,split0_test_score,split1_test_score,split2_test_score,split3_test_score,split4_test_score,mean_test_score,std_test_score,rank_test_score,split0_train_score,split1_train_score,split2_train_score,split3_train_score,split4_train_score,mean_train_score,std_train_score
54.18446817398071,23.169608031616725,0.24141926765441896,0.02068755127494942,saga,l1,500,,0.3,,"{""model__C"": 0.3, ""model__class_weight"": null, ""model__max_iter"": 500, ""model__penalty"": ""l1"", ""model__solver"": ""saga""}",0.8352896024437774,0.8644853493458803,0.84628497710948,0.8457217847863173,0.8261304573278432,0.8435824342026595,0.012823064968937335,9,0.8489096364068369,0.843323479865215,0.8464078519820132,0.8485664622359553,0.8517342002982843,0.847788326157661,0.0028026172242990523
4.621954154968262,0.1730845363002894,0.3528561592102051,0.103433385135286,saga,elasticnet,2000,,0.003,0.25,"{""model__C"": 0.003, ""model__class_weight"": null, ""model__l1_ratio"": 0.25, ""model__max_iter"": 2000, ""model__penalty"": ""elasticnet"", ""model__solver"": ""saga""}",0.8070351899393492,0.840572718181372,0.8176792533942403,0.8095021092913666,0.8032992512070327,0.8156177044026721,0.013340217720498178,34,0.8180709488875715,0.8098547112699711,0.8162798128805132,0.8179109627235936,0.8195804840370459,0.8163393839597392,0.0034066827039898706
2.4733596324920653,0.05549827547684544,0.2896436214447021,0.009791174671589966,lbfgs,l2,1000,,1.0,,"{""model__C"": 1.0, ""model__class_weight"": null, ""model__max_iter"": 1000, ""model__penalty"": ""l2"", ""model__solver"": ""lbfgs""}",0.8391338202482572,0.8647384750093577,0.8494608240756854,0.8460470740567145,0.8248389948037094,0.8448438376387447,0.013048823496382728,7,0.8517030904612028,0.8471573826213511,0.8498724654992249,0.8515519496167399,0.8521200815043152,0.8504809939405668,0.0018299602767739716
3.1413148403167725,0.2782178042527369,0.34420270919799806,0.036322403626349455,lbfgs,l2,1000,balanced,3.0,,"{""model__C"": 3.0, ""model__class_weight"": ""balanced"", ""model__max_iter"": 1000, ""model__penalty"": ""l2"", ""model__solver"": ""lbfgs""}",0.8312424074075018,0.8621767578116436,0.8443038919254531,0.842533879782388,0.8184531415415394,0.8397420156937052,0.014542230760289255,16,0.8457517256203286,0.8405559113424111,0.8440897519374729,0.8453153483355418,0.8483555400176587,0.8448136554506827,0.0025427952677177504
14.862341451644898,0.39517927634655486,0.2369504451751709,0.009023803692456133,saga,elasticnet,500,,0.03,0.1,"{""model__C"": 0.03, ""model__class_weight"": null, ""model__l1_ratio"": 0.1, ""model__max_iter"": 500, ""model__penalty"": ""elasticnet"", ""model__solver"": ""saga""}",0.8302401746171014,0.8607829397281259,0.8433923858772544,0.8402140817616262,0.8221491661219704,0.8393557496212157,0.01307911209200863,20,0.8439440042263449,0.8370600969153352,0.8410995066676734,0.842351922308948,0.8453196524670745,0.8419550365170754,0.0028328966235709138
3.834243059158325,0.18788191434652832,0.21881308555603027,0.014778241009063334,saga,elasticnet,1000,,0.001,0.1,"{""model__C"": 0.001, ""model__class_weight"": null, ""model__l1_ratio"": 0.1, ""model__max_iter"": 1000, ""model__penalty"": ""elasticnet"", ""model__solver"": ""saga""}",0.8023180176287605,0.8352944068691571,0.8130342697173983,0.797783682224553,0.8002733554554285,0.8097407463790594,0.013795192181479085,38,0.8121165355383663,0.8039490334780323,0.8104371700278952,0.8123248461244599,0.8136792692666946,0.8105013708870896,0.0034342423960922216
48.933608055114746,1.2716923995995892,0.2751743316650391,0.012547057640142759,saga,elasticnet,2000,balanced,1.0,0.25,"{""model__C"": 1.0, ""model__class_weight"": ""balanced"", ""model__l1_ratio"": 0.25, ""model__max_iter"": 2000, ""model__penalty"": ""elasticnet"", ""model__solver"": ""saga""}",0.8323482644106862,0.8631845218217753,0.8451260107012619,0.8446130651570791,0.8194444105624624,0.840943254530653,0.014571966765421027,15,0.8470225104780229,0.8424215809842666,0.8451882390766021,0.8469182816408944,0.8503340152557424,0.8463769254871056,0.0025855804540353103
87.42606229782105,5.7460065641184865,0.23220090866088866,0.018196546214728614,saga,elasticnet,2000,balanced,30.0,0.1,"{""model__C"": 30.0, ""model__class_weight"": ""balanced"", ""model__l1_ratio"": 0.1, ""model__max_iter"": 2000, ""model__penalty"": ""elasticnet"", ""model__solver"": ""saga""}",0.8328380712461608,0.8619380932023312,0.845608662143759,0.845461554022113,0.8195727733921004,0.8410838308012929,0.014179259226559437,10,0.8480324742238524,0.8437583932956387,0.8461364214172142,0.8476217213057146,0.8515102817267206,0.8474118583938282,0.0025377480950977676
92.0642171382904,3.8565781110254775,0.22834787368774415,0.002960896801380845,saga,l1,1000,,30.0,,"{""model__C"": 30.0, ""model__class_weight"": null, ""model__max_iter"": 1000, ""model__penalty"": ""l1"", ""model__solver"": ""saga""}",0.841181369773971,0.8640594493999876,0.8521967701781825,0.8490489958038686,0.8265798527285417,0.8466132875769101,0.01242836077465004,4,0.854041451845314,0.8505968087151647,0.8522968103340494,0.8543366115952259,0.8574203053681941,0.8537383975715895,0.0022783283889662065
2.23398380279541,0.5085506601845314,0.2864032745361328,0.06909770967106307,liblinear,l2,1000,,3.0,,"{""model__C"": 3.0, ""model__class_weight"": null, ""model__max_iter"": 1000, ""model__penalty"": ""l2"", ""model__solver"": ""liblinear""}",0.8413395764402466,0.8645569953734651,0.8522656563985576,0.8487156258520453,0.826845917932249,0.8467447543993126,0.012464511728919443,1,0.8538998364377237,0.8503543959262709,0.8521220407497772,0.8541564806707331,0.8571212712810679,0.8535308050131146,0.002258020977707483
10.715443229675293,0.3510274053093849,0.24813060760498046,0.019764003464357808,saga,l2,2000,balanced,0.03,,"{""model__C"": 0.03, ""model__class_weight"": ""balanced"", ""model__max_iter"": 2000, ""model__penalty"": ""l2"", ""model__solver"": ""saga""}",0.8264390324187749,0.861173050642559,0.8410668871256399,0.8389706412211878,0.8175235517846922,0.8370346326385707,0.014802833845720526,22,0.8420501093499582,0.8349328397687004,0.8391985204406028,0.8405263225455735,0.8437751895329607,0.8400965963275591,0.0030001282579199
46.80587496757507,4.2375643105075325,0.251449728012085,0.0194951897889223,saga,l1,2000,balanced,0.1,,"{""model__C"": 0.1, ""model__class_weight"": ""balanced"", ""model__max_iter"": 2000, ""model__penalty"": ""l1"", ""model__solver"": ""saga""}",0.8262360145141636,0.8609283362822671,0.8384104233132696,0.8371228560501547,0.8195435173115957,0.8364482294942903,0.014097088938528629,25,0.8418390784639359,0.8336277615162254,0.8384987086132508,0.8389689123324255,0.8420508879553429,0.8389970697762361,0.00304898169012007
9.205833673477173,0.8384136247097302,0.22194786071777345,0.008358727916096787,saga,elasticnet,2000,balanced,0.01,0.9,"{""model__C"": 0.01, ""model__class_weight"": ""balanced"", ""model__l1_ratio"": 0.9, ""model__max_iter"": 2000, ""model__penalty"": ""elasticnet"", ""model__solver"": ""saga""}",0.8124756178782919,0.8426219227090336,0.8213594154295474,0.8176614886137534,0.8054741550021984,0.819918519926565,0.012543136267050496,28,0.8209422996526837,0.8125067292218127,0.8211612703590621,0.8213948361013612,0.8270558472570618,0.8206121965183962,0.0046527886222454806
20.348174810409546,0.6932112676102046,0.2519522190093994,0.010305923333337066,saga,elasticnet,2000,,0.03,0.9,"{""model__C"": 0.03, ""model__class_weight"": null, ""model__l1_ratio"": 0.9, ""model__max_iter"": 2000, ""model__penalty"": ""elasticnet"", ""model__solver"": ""saga""}",0.826538189947226,0.8539580412962181,0.8351424362957373,0.8319683590908803,0.8165995019899037,0.8328413057239932,0.012292267618236766,26,0.8371877167022411,0.8283802339667768,0.833467244266509,0.8357543499617919,0.8372861338903622,0.8344151357575363,0.0033178869167403446
3.1930245399475097,0.1655845710019666,0.24048089981079102,0.015029107597635639,saga,l2,2000,balanced,0.003,,"{""model__C"": 0.003, ""model__class_weight"": ""balanced"", ""model__max_iter"": 2000, ""model__penalty"": ""l2"", ""model__solver"": ""saga""}",0.8215963817994724,0.854871165666606,0.8351386328944714,0.8282049864740016,0.8139128086233443,0.8307447950915792,0.013963147423167946,27,0.8343208150677005,0.8271575857124673,0.8319169822310764,0.83352531753073,0.8364522225941542,0.8326745846272257,0.003121397384554763
3.5341562747955324,0.13979563446621035,0.2340723991394043,0.03093504142285589,saga,elasticnet,2000,balanced,0.003,0.75,"{""model__C"": 0.003, ""model__class_weight"": ""balanced"", ""model__l1_ratio"": 0.75, ""model__max_iter"": 2000, ""model__penalty"": ""elasticnet"", ""model__solver"": ""saga""}",0.8035150990563324,0.836481464355653,0.8137950006314821,0.8103905051328109,0.7991090937603147,0.8126582325873187,0.0129704067399662,37,0.8151504925165515,0.8067724663333158,0.8127801551487184,0.8145226291832631,0.8163571273455139,0.8131165741054724,0.0033756741971183316
75.48573093414306,4.971713274938305,0.2376018524169922,0.020954051893393506,saga,elasticnet,1000,balanced,3.0,0.9,"{""model__C"": 3.0, ""model__class_weight"": ""balanced"", ""model__l1_ratio"": 0.9, ""model__max_iter"": 1000, ""model__penalty"": ""elasticnet"", ""model__solver"": ""saga""}",0.8325257559723643,0.8624834940653633,0.8452715889771757,0.8451169503194981,0.8195894917008385,0.8409974562070481,0.0143314961863276,14,0.8477059861170294,0.8433428184715234,0.8457881951163219,0.8472613071904411,0.8510764647259398,0.8470349543242511,0.002530675850102633
19.733595371246338,1.0536617529147352,0.2334688663482666,0.009431154210811695,saga,elasticnet,1000,balanced,0.1,0.75,"{""model__C"": 0.1, ""model__class_weight"": ""balanced"", ""model__l1_ratio"": 0.75, ""model__max_iter"": 1000, ""model__penalty"": ""elasticnet"", ""model__solver"": ""saga""}",0.8257992436431509,0.8606420087487409,0.8388407258827733,0.838359650854439,0.819126898244247,0.8365537054746701,0.014199227550943229,24,0.8419286210947609,0.833993618499789,0.8388079565761797,0.8394760289499493,0.842834346659004,0.8394081143559365,0.0030910706605952257
1.374760055541992,0.09789925513281524,0.23671035766601561,0.009947761454582729,liblinear,l2,2000,balanced,0.001,,"{""model__C"": 0.001, ""model__class_weight"": ""balanced"", ""model__max_iter"": 2000, ""model__penalty"": ""l2"", ""model__solver"": ""liblinear""}",0.8135635786117782,0.8443515301990909,0.8241576619415285,0.8112797089437827,0.8044594116287829,0.8195623782649927,0.013916224310192977,30,0.8223863636794816,0.8151528398490256,0.8206137148783539,0.822621939851261,0.8253902633428575,0.821233024320196,0.003402766571772624
2.0902391910552978,0.04646773283918255,0.25329909324645994,0.02258799468487017,liblinear,l2,2000,,30.0,,"{""model__C"": 30.0, ""model__class_weight"": null, ""model__max_iter"": 2000, ""model__penalty"": ""l2"", ""model__solver"": ""liblinear""}",0.8414611101178221,0.8634476324955468,0.8526906625070326,0.8492662698003471,0.8259812035465949,0.8465693756934687,0.012486682123728223,6,0.8543217352101571,0.8508356175532426,0.8526070198634307,0.8545339024430768,0.8577697675055512,0.8540136085150916,0.002304452055560995
27.587257814407348,0.8648228237857998,0.2657480239868164,0.016547233393566965,saga,elasticnet,1000,balanced,0.3,0.25,"{""model__C"": 0.3, ""model__class_weight"": ""balanced"", ""model__l1_ratio"": 0.25, ""model__max_iter"": 1000, ""model__penalty"": ""elasticnet"", ""model__solver"": ""saga""}",0.83029872261776,0.8633506538260626,0.8431546232364341,0.8429435828498121,0.8188531163194098,0.8397201397698957,0.014864610491820966,17,0.8455517183114959,0.8399099858636514,0.8433964791602484,0.8448994577889991,0.8482739492972695,0.8444063180843328,0.0027477437194658324
76.05195341110229,4.746949746524743,0.2740167617797852,0.018825105928513015,saga,elasticnet,500,,3.0,0.25,"{""model__C"": 3.0, ""model__class_weight"": null, ""model__l1_ratio"": 0.25, ""model__max_iter"": 500, ""model__penalty"": ""elasticnet"", ""model__solver"": ""saga""}",0.8410134380496106,0.8645433747169295,0.8518915204786988,0.8486613630815841,0.8269652431010311,0.8466149878855708,0.01241729707050876,3,0.853704057018447,0.8501436188587946,0.8519061080613296,0.8539637650816342,0.8568649342560544,0.8533164966552519,0.002245747909041337
1.3606501579284669,0.04610937752352338,0.2517551422119141,0.013352046871547382,liblinear,l2,500,balanced,0.001,,"{""model__C"": 0.001, ""model__class_weight"": ""balanced"", ""model__max_iter"": 500, ""model__penalty"": ""l2"", ""model__solver"": ""liblinear""}",0.8135635786117782,0.8443515301990909,0.8241576619415285,0.8112797089437827,0.8044594116287829,0.8195623782649927,0.013916224310192977,30,0.8223863636794816,0.8151528398490256,0.8206137148783539,0.822621939851261,0.8253902633428575,0.821233024320196,0.003402766571772624
60.675938510894774,3.328298178589491,0.24829435348510742,0.015476270597701285,saga,l2,2000,,10.0,,"{""model__C"": 10.0, ""model__class_weight"": null, ""model__max_iter"": 2000, ""model__penalty"": ""l2"", ""model__solver"": ""saga""}",0.8412712175835184,0.8642423636651397,0.8521168875358446,0.8489642821335586,0.8267156362659184,0.8466620774367959,0.012418079150125693,2,0.8539824732601959,0.8504803965830732,0.852208252210219,0.8542772339684381,0.8572866946911131,0.8536470101426078,0.0022739607300907563
4.0859527587890625,0.08168137385445781,0.29361257553100584,0.039020971883313216,saga,elasticnet,1000,balanced,0.001,0.1,"{""model__C"": 0.001, ""model__class_weight"": ""balanced"", ""model__l1_ratio"": 0.1, ""model__max_iter"": 1000, ""model__penalty"": ""elasticnet"", ""model__solver"": ""saga""}",0.8066902691237577,0.839361612695226,0.8167828701787005,0.8047168152869142,0.8034206427536352,0.8141944420076468,0.01343353423421426,36,0.8166951495228938,0.8089218121329776,0.8148447101445107,0.8168174186177003,0.8185305930301471,0.8151619366896459,0.0033310357161165996
89.04603176116943,6.167328275269535,0.2580287933349609,0.02309963336860339,saga,elasticnet,500,balanced,100.0,0.5,"{""model__C"": 100.0, ""model__class_weight"": ""balanced"", ""model__l1_ratio"": 0.5, ""model__max_iter"": 500, ""model__penalty"": ""elasticnet"", ""model__solver"": ""saga""}",0.8328728867205519,0.8618558461239393,0.8456355460284719,0.8454414752751207,0.8195039511120077,0.8410619410520184,0.014172453645924085,13,0.8480425147037254,0.8437859501840012,0.8461615505816514,0.8476392325032779,0.8515341129200776,0.8474326721785467,0.002535772964961769
28.347142696380615,1.0802677229619655,0.234421968460083,0.010937344696076743,saga,elasticnet,500,balanced,0.3,0.25,"{""model__C"": 0.3, ""model__class_weight"": ""balanced"", ""model__l1_ratio"": 0.25, ""model__max_iter"": 500, ""model__penalty"": ""elasticnet"", ""model__solver"": ""saga""}",0.83029872261776,0.8633506538260626,0.8431546232364341,0.8429435828498121,0.8188531163194098,0.8397201397698957,0.014864610491820966,17,0.8455517183114959,0.8399099858636514,0.8433964791602484,0.8448994577889991,0.8482739492972695,0.8444063180843328,0.0027477437194658324
2.0784304618835447,0.14206123165071727,0.25902552604675294,0.022140066748787948,lbfgs,l2,2000,,30.0,,"{""model__C"": 30.0, ""model__class_weight"": null, ""model__max_iter"": 2000, ""model__penalty"": ""l2"", ""model__solver"": ""lbfgs""}",0.8392744293156884,0.8639617484256761,0.8499584470994505,0.8453719576956674,0.8245314298839832,0.8446196024840932,0.012925118679755692,8,0.8518434245701176,0.8480432409757338,0.8501117283627719,0.8519198161404404,0.8521057806396497,0.8508047981377427,0.0015569912751622465
9.636922216415405,0.831081934170389,0.22423748970031737,0.015442711488919183,saga,elasticnet,1000,balanced,0.01,0.9,"{""model__C"": 0.01, ""model__class_weight"": ""balanced"", ""model__l1_ratio"": 0.9, ""model__max_iter"": 1000, ""model__penalty"": ""elasticnet"", ""model__solver"": ""saga""}",0.8124756178782919,0.8426219227090336,0.8213594154295474,0.8176614886137534,0.8054741550021984,0.819918519926565,0.012543136267050496,28,0.8209422996526837,0.8125067292218127,0.8211612703590621,0.8213948361013612,0.8270558472570618,0.8206121965183962,0.0046527886222454806
10.15202088356018,0.4995916740182504,0.2263094425201416,0.015871378178640462,saga,l1,2000,,0.001,,"{""model__C"": 0.001, ""model__class_weight"": null, ""model__max_iter"": 2000, ""model__penalty"": ""l1"", ""model__solver"": ""saga""}",0.5765838575144735,0.597546914850458,0.5836113261067684,0.5729641783628747,0.5796152132959644,0.5820642980261078,0.00849647152309885,40,0.5831535444284242,0.5756800755946488,0.5792750461713374,0.5927535136861992,0.5803565376835164,0.5822437435128253,0.0057747632521307464
77.76660895347595,3.295787467531708,0.1437593460083008,0.011235672524645404,saga,elasticnet,2000,balanced,30.0,0.25,"{""model__C"": 30.0, ""model__class_weight"": ""balanced"", ""model__l1_ratio"": 0.25, ""model__max_iter"": 2000, ""model__penalty"": ""elasticnet"", ""model__solver"": ""saga""}",0.8328346564613391,0.8619137714713633,0.8456025481208825,0.8454577296013011,0.8195753016077589,0.8410768014525288,0.014171109226500642,11,0.8480298948214835,0.8437611319989887,0.8461368582797495,0.8476199099577121,0.8515136312303999,0.8474122852576669,0.0025378424880908466
80.48714876174927,1.7214487023380265,0.10193901062011719,0.008944817632708046,saga,elasticnet,500,,100.0,0.1,"{""model__C"": 100.0, ""model__class_weight"": null, ""model__l1_ratio"": 0.1, ""model__max_iter"": 500, ""model__penalty"": ""elasticnet"", ""model__solver"": ""saga""}",0.8412314030827708,0.8640161857340996,0.8522348353130634,0.8490354784877976,0.8265277029236447,0.8466091211082751,0.012431612741736979,5,0.854063367866549,0.8506242380003163,0.8523272139407133,0.8543671167834963,0.8574495694393047,0.853766301206076,0.0022785620984763816
1.1901511192321776,0.04137920120046781,0.23927664756774902,0.0192378802537767,liblinear,l2,1000,,0.001,,"{""model__C"": 0.001, ""model__class_weight"": null, ""model__max_iter"": 1000, ""model__penalty"": ""l2"", ""model__solver"": ""liblinear""}",0.8017644235604281,0.8321950156641237,0.8108773319701973,0.7985332227710974,0.792555489204437,0.8071850966340566,0.013837576978101744,39,0.8102304518594148,0.8026887649984912,0.8081373728922147,0.8106175534502772,0.813158285794232,0.808966485798926,0.003521136988313308
6.798733901977539,0.26810683869066815,0.21647291183471679,0.0030447043004724972,saga,elasticnet,2000,,0.01,0.75,"{""model__C"": 0.01, ""model__class_weight"": null, ""model__l1_ratio"": 0.75, ""model__max_iter"": 2000, ""model__penalty"": ""elasticnet"", ""model__solver"": ""saga""}",0.8106098222397424,0.8432602651645309,0.820340845182297,0.8161911601070092,0.8035450417707533,0.8187894268928666,0.01347053840609157,32,0.8200666524018217,0.8126479328827492,0.8192198628975501,0.8211951659462684,0.8234903988343276,0.8193240025925436,0.0036329709749791167
3.4373971462249755,0.11746746450665016,0.2262171745300293,0.016323162250252373,saga,elasticnet,1000,,0.003,0.25,"{""model__C"": 0.003, ""model__class_weight"": null, ""model__l1_ratio"": 0.25, ""model__max_iter"": 1000, ""model__penalty"": ""elasticnet"", ""model__solver"": ""saga""}",0.8070351899393492,0.840572718181372,0.8176792533942403,0.8095021092913666,0.8032992512070327,0.8156177044026721,0.013340217720498178,34,0.8180709488875715,0.8098547112699711,0.8162798128805132,0.8179109627235936,0.8195804840370459,0.8163393839597392,0.0034066827039898706
6.442537498474121,0.2678903671753186,0.22567973136901856,0.0168769784543515,saga,l2,2000,,0.01,,"{""model__C"": 0.01, ""model__class_weight"": null, ""model__max_iter"": 2000, ""model__penalty"": ""l2"", ""model__solver"": ""saga""}",0.8283635745617561,0.8586381141112134,0.8412581135242969,0.8366954515515597,0.8194559876534765,0.8368822482804605,0.013181374352177255,23,0.8413359374275148,0.8344991385054151,0.8386159206003462,0.840025022523052,0.8427838386895702,0.8394519715491796,0.0028357922998362346
1.5647642612457275,0.1257671065127098,0.2346585750579834,0.009600018337866648,lbfgs,l2,2000,,0.001,,"{""model__C"": 0.001, ""model__class_weight"": null, ""model__max_iter"": 2000, ""model__penalty"": ""l2"", ""model__solver"": ""lbfgs""}",0.8138799286271625,0.8427348219021834,0.8228711366490873,0.8083663517039228,0.8045904690970996,0.8184885415958911,0.013593702284351089,33,0.820997519190175,0.8143132571727986,0.81930535672754,0.8216998674477467,0.8240403505619948,0.820071270220051,0.0032559239111458987
28.474141120910645,0.9353783841174368,0.21828508377075195,0.013449500764570875,saga,elasticnet,2000,balanced,0.3,0.25,"{""model__C"": 0.3, ""model__class_weight"": ""balanced"", ""model__l1_ratio"": 0.25, ""model__max_iter"": 2000, ""model__penalty"": ""elasticnet"", ""model__solver"": ""saga""}",0.83029872261776,0.8633506538260626,0.8431546232364341,0.8429435828498121,0.8188531163194098,0.8397201397698957,0.014864610491820966,17,0.8455517183114959,0.8399099858636514,0.8433964791602484,0.8448994577889991,0.8482739492972695,0.8444063180843328,0.0027477437194658324
1.9200140476226806,0.06017988484112831,0.3080718994140625,0.07050275972626333,lbfgs,l2,500,balanced,0.3,,"{""model__C"": 0.3, ""model__class_weight"": ""balanced"", ""model__max_iter"": 500, ""model__penalty"": ""l2"", ""model__solver"": ""lbfgs""}",0.8300810019986092,0.8626520947201732,0.8435319364008325,0.8425520971072075,0.8177800474308636,0.8393194355315373,0.014979333383988994,21,0.8448538422052451,0.8393339067383113,0.8429124425843599,0.8446933901374145,0.8477443914782135,0.8439075946287087,0.002761985431971427
45.805273628234865,2.052296873310867,0.10828509330749511,0.01028204225351631,saga,l2,500,balanced,100.0,,"{""model__C"": 100.0, ""model__class_weight"": ""balanced"", ""model__max_iter"": 500, ""model__penalty"": ""l2"", ""model__solver"": ""saga""}",0.8328725344798772,0.861868098259229,0.8456486673637623,0.8454374145653498,0.819507827962304,0.8410669085261044,0.01417550741359832,12,0.8480458974194106,0.843782474680539,0.8461635456933126,0.8476415584823467,0.8515313622372774,0.8474329677025771,0.0025358849443457713
